image_path,predicted_score
data/processed/wikimedia_commons/images/IT/ns6/2173/File:Mangart (9783035935).jpeg,6.2104692
data/processed/wikimedia_commons/images/TR/ns6/2909/File:Artabel Gölleri... - panoramio.jpeg,6.026196
data/processed/wikimedia_commons/images/UK/ns6/2219/File:Mam Barisdale. - geograph.org.uk - 14769.jpeg,6.1258802
data/processed/wikimedia_commons/images/BG/ns6/124/File:От седловината между вр.Ловница и Злия зъб-Южна Рила - panoramio.jpeg,6.020811
"data/processed/wikimedia_commons/images/NO/ns6/1318/File:Geiranger, Norway - panoramio (1).jpeg",6.108505
data/processed/wikimedia_commons/images/ES/ns6/741/File:Sierra Segura Yelmo 04gm.jpeg,6.0171356
data/processed/wikimedia_commons/images/CH/ns6/238/File:5193 - Near Eigergletscher Station.jpeg,6.3527784
data/processed/wikimedia_commons/images/FR/ns6/6606/File:TRAMONTO A RUCAS - MONTOSO.jpeg,6.0287237
data/processed/wikimedia_commons/images/CH/ns6/237/File:Sphinx et Jungfrau - img 06979.jpeg,6.088725
data/processed/wikimedia_commons/images/UK/ns6/1749/File:Approaching Whiteless Pike - Flickr - Robert J Heath.jpeg,6.381754
data/processed/wikimedia_commons/images/IT/ns6/2285/File:Val Aurina-Ahrntal.jpeg,6.009706
data/processed/wikimedia_commons/images/AT/ns6/181/File:Großglockner Hochalpenstraße 21082018 556.jpeg,6.150861
"data/processed/wikimedia_commons/images/FR/ns6/4266/File:Verdonschlucht, roundtrip Gorges du Verdon, Grand Canyon du Verdon - panoramio (12).jpeg",6.1665883
data/processed/wikimedia_commons/images/IT/ns6/2126/File:Neve disegnata dal vento - panoramio.jpeg,6.0326533
data/processed/wikimedia_commons/images/UK/ns6/2480/File:Eina Stack and Lang Head - geograph.org.uk - 1976787.jpeg,6.051135
data/processed/wikimedia_commons/images/CH/ns6/236/File:Panorama Grindelwald from First.jpeg,6.1420746
data/processed/wikimedia_commons/images/IT/ns6/1928/File:Zermatt (301252177).jpeg,6.007324
data/processed/wikimedia_commons/images/ES/ns6/3629/File:DSCF2991x - Estany de Llebreta.jpeg,6.056371
data/processed/wikimedia_commons/images/FR/ns6/10333/File:Sommet du Roc de Nantbellet @ Saint-Ferréol (50980045278).jpeg,6.0471964
data/processed/wikimedia_commons/images/CH/ns6/45/File:Ausblick vom Monte Generoso - panoramio.jpeg,6.1686983
"data/processed/wikimedia_commons/images/PL/ns6/9/File:Studené doliny - NPR, Vysoké Tatry (1).jpeg",6.0563984
data/processed/wikimedia_commons/images/AT/ns6/219/File:St Anton Austria (4226334484).jpeg,6.2366195
data/processed/wikimedia_commons/images/NO/ns6/940/File:Aurlandsfjord Viewed from Stegastein Viewpoint - 2013.08 - panoramio.jpeg,6.042578
data/processed/wikimedia_commons/images/CH/ns6/134/File:Stausee Mattmark (15233437770).jpeg,6.1017447
data/processed/wikimedia_commons/images/FR/ns6/8533/File:Pralognan-Lac blanc et col du soufre.jpeg,6.134397
data/processed/wikimedia_commons/images/DE/ns6/17/File:20110823.Zugspitze.-020.jpeg,6.070767
data/processed/wikimedia_commons/images/FR/ns6/17127/File:Donnant (belle ile en mer) - panoramio.jpeg,6.1201363
data/processed/wikimedia_commons/images/CH/ns6/210/File:Airlonia2.jpeg,6.1629786
data/processed/wikimedia_commons/images/PL/ns6/22/File:Niebieski szlak z Małołączniaka - panoramio.jpeg,6.149932
data/processed/wikimedia_commons/images/AT/ns6/241/File:20190627.Weißsee-Gletscherwelt.-024.jpeg,6.1699777
data/processed/wikimedia_commons/images/FR/ns6/10657/File:Aiguille de Borderan @ Sommet @ Pointe de Merdassier (51388974355).jpeg,6.1170106
data/processed/wikimedia_commons/images/CH/ns6/31/File:Lacs des Chéserys @ Chamonix (51487169190).jpeg,6.1450167
data/processed/wikimedia_commons/images/PL/ns6/15/File:Czarny Staw pod Rysami - panoramio.jpeg,6.3376136
data/processed/wikimedia_commons/images/ME/ns6/69/File:Korita Ravine P1010149mod.jpeg,6.376831
"data/processed/wikimedia_commons/images/BG/ns6/125/File:Yakoruda, Bulgaria - panoramio (38).jpeg",6.2339134
"data/processed/wikimedia_commons/images/PL/ns6/14/File:Štôlska dolina, Vysoké Tatry, 01.jpeg",6.0334873
data/processed/wikimedia_commons/images/CH/ns6/299/File:Bergtocht van Watles via Sesvennahütte en de Uina Slucht naar Sur En 19-09-2019. (actm.) 06.jpeg,6.175802
data/processed/wikimedia_commons/images/CH/ns6/206/File:Oeschinensee in summer 2011 (13).jpeg,6.03629
data/processed/wikimedia_commons/images/FR/ns6/8853/File:Lac Long en Vanoise en été (août 2022).jpeg,6.2479343
"data/processed/wikimedia_commons/images/NO/ns6/771/File:Die Nebel lichten sich, Morgenstimmung bei Ulvik 13.jpeg",6.0911245
data/processed/wikimedia_commons/images/FR/ns6/1416/File:Mer et rocher depuis la route à Conchiglio (premier passage).jpeg,6.056323
data/processed/wikimedia_commons/images/FR/ns6/10163/File:Casermetta Col de la Seigne.jpeg,6.03127
"data/processed/wikimedia_commons/images/AT/ns6/415/File:Schattberg, 2014 (01).jpeg",6.11501
data/processed/wikimedia_commons/images/FR/ns6/10939/File:Glacier de Taconnaz @ Bec du Corbeau 03.jpeg,6.039443
data/processed/wikimedia_commons/images/CH/ns6/497/File:Lorenzitäli.jpeg,6.1125317
data/processed/wikimedia_commons/images/PL/ns6/25/File:Ferien im Polen - Abenteuer in Tatra - panoramio.jpeg,6.2405753
data/processed/wikimedia_commons/images/FR/ns6/10657/File:Sommet @ Pointe de Merdassier (51387203052).jpeg,6.0412016
data/processed/wikimedia_commons/images/AL/ns6/51/File:View from Tomorr to Berat and Shpirag mountain - Mapillary (W1Rjv3PGJO0IeRYu4zjERw).jpeg,6.025019
data/processed/wikimedia_commons/images/FR/ns6/11717/File:Ausläufer des Saleinagletschers.jpeg,6.0291443
data/processed/wikimedia_commons/images/IT/ns6/990/File:Lago di Pilato (45029560964).jpeg,6.0585003
data/processed/wikimedia_commons/images/EL/ns6/311/File:Depth - panoramio (1).jpeg,6.0476966
data/processed/wikimedia_commons/images/AT/ns6/596/File:3 Seen Blick Ausseerland BHO-5040.jpeg,6.0833955
data/processed/wikimedia_commons/images/DE/ns6/127/File:Oberseeufer.jpeg,6.1723385
data/processed/wikimedia_commons/images/IT/ns6/2074/File:Domaso - panoramio.jpeg,6.11987
data/processed/wikimedia_commons/images/IT/ns6/2237/File:Braies Puffin Xie.jpeg,6.140835
data/processed/wikimedia_commons/images/FR/ns6/9881/File:Treicol - img 44804.jpeg,6.359513
data/processed/wikimedia_commons/images/NO/ns6/2191/File:Hamnøy and E10.jpeg,6.2840505
data/processed/wikimedia_commons/images/PL/ns6/36/File:Grań Baszt.jpeg,6.2499866
data/processed/wikimedia_commons/images/CH/ns6/221/File:20150607 15 Passo Stelvio (18764368742).jpeg,6.0461845
data/processed/wikimedia_commons/images/IT/ns6/2268/File:Rifflsee 04.jpeg,6.068944
"data/processed/wikimedia_commons/images/IT/ns6/1928/File:Matterhorn, vom Riffelsee aus, mit Spiegelbild - panoramio.jpeg",6.1558695
data/processed/wikimedia_commons/images/IT/ns6/2141/File:Piz Lagrev 2021-08-12.jpeg,6.012875
data/processed/wikimedia_commons/images/IT/ns6/2125/File:Le Pale di San Martino dalla Baita Segantini.jpeg,6.0067787
data/processed/wikimedia_commons/images/PT/ns6/157/File:Praia da Ursa - Portugal (3789437525).jpeg,6.055537
data/processed/wikimedia_commons/images/IT/ns6/990/File:Monte Vettore (30799897817).jpeg,6.011675
data/processed/wikimedia_commons/images/CH/ns6/283/File:6068 - Gadmertal - Triftwasser.jpeg,6.186432
data/processed/wikimedia_commons/images/ES/ns6/3715/File:TRES ESTANYS - IB-0380.jpeg,6.0565834
data/processed/wikimedia_commons/images/FR/ns6/1150/File:Étang Laurenti et Roc Blanc.jpeg,6.0048947
data/processed/wikimedia_commons/images/ES/ns6/3715/File:ESTANY DE VENTOLAU - IB-0390.jpeg,6.0456934
data/processed/wikimedia_commons/images/FR/ns6/13782/File:Lac d'Aï - panoramio.jpeg,6.0849676
data/processed/wikimedia_commons/images/CH/ns6/237/File:Aletschhorn à l'aube - img 35526.jpeg,6.0045013
data/processed/wikimedia_commons/images/CH/ns6/123/File:Lac de Tavaneuse 21.jpeg,6.3925776
data/processed/wikimedia_commons/images/AT/ns6/113/File:Sölden - view from trail.jpeg,6.1562166
"data/processed/wikimedia_commons/images/CH/ns6/214/File:Lago di Lei, Pizzo Stella and Piz Timun as seen from Piz Alv.jpeg",6.0387125
data/processed/wikimedia_commons/images/ES/ns6/1582/File:Portilla del Crampon - Vista desde arriba. - panoramio.jpeg,6.053456
data/processed/wikimedia_commons/images/RO/ns6/455/File:Iarna în Parâng - panoramio (1).jpeg,6.0605454
data/processed/wikimedia_commons/images/CH/ns6/409/File:Switzerland-03599 - Way Down.... (24110550365).jpeg,6.0124183
data/processed/wikimedia_commons/images/AT/ns6/292/File:Sonnenaufgang Felletal 3.jpeg,6.196407
data/processed/wikimedia_commons/images/IE/ns6/11/File:Old Head of Kinsale - geograph.org.uk - 1571026.jpeg,6.0346427
data/processed/wikimedia_commons/images/FR/ns6/11320/File:Вид на Шамони с самого высокого подъемника в Европе (3842 м) - panoramio.jpeg,6.157693
data/processed/wikimedia_commons/images/CH/ns6/207/File:Guggisee 2019-10-13.jpeg,6.031764
data/processed/wikimedia_commons/images/CH/ns6/75/File:Details of the chute de seracs of the preceeding photo. Hugh quantities of ice coming down - panoramio.jpeg,6.0728536
data/processed/wikimedia_commons/images/CH/ns6/353/File:Chüpfenflue Panorama.jpeg,6.1818113
data/processed/wikimedia_commons/images/UK/ns6/920/File:Rock formations at Ceibwr Bay - geograph.org.uk - 3014026.jpeg,6.0256243
data/processed/wikimedia_commons/images/UK/ns6/1749/File:Mellbreak over Crummock Water from Whiteside - geograph.org.uk - 1075474.jpeg,6.2868958
data/processed/wikimedia_commons/images/CH/ns6/355/File:Ochsental19.jpeg,6.269689
data/processed/wikimedia_commons/images/FI/ns6/1794/File:Pihtsusköngäs waterfall in winter.jpeg,6.093681
"data/processed/wikimedia_commons/images/FR/ns6/11320/File:View from Mont Blanc, Monte Bianco - panoramio.jpeg",6.4561653
data/processed/wikimedia_commons/images/IT/ns6/1905/File:Lago-di-ledro-widt-24.jpeg,6.2738366
data/processed/wikimedia_commons/images/IT/ns6/2248/File:Gurgler Ache - panoramio (5).jpeg,6.094056
data/processed/wikimedia_commons/images/DE/ns6/364/File:2011-08-17 14-17-48 Austria Aigen.jpeg,6.103763
data/processed/wikimedia_commons/images/FR/ns6/4266/File:Verdon - panoramio (4).jpeg,6.1663833
data/processed/wikimedia_commons/images/DE/ns6/3/File:Rappenalptal - panoramio.jpeg,6.058163
data/processed/wikimedia_commons/images/FR/ns6/11405/File:Val Ferret @ Chantonnet 02.jpeg,6.187422
"data/processed/wikimedia_commons/images/SK/ns6/452/File:Vysoké Tatry, Jahňací štít, výhled (7).jpeg",6.0531025
data/processed/wikimedia_commons/images/PT/ns6/157/File:Cabo da Roca - panoramio (34).jpeg,6.1657915
data/processed/wikimedia_commons/images/FR/ns6/9752/File:Mont Colombier (51394507711).jpeg,6.190869
data/processed/wikimedia_commons/images/NO/ns6/487/File:Rjukan panorama IMG 0048.jpeg,6.4184895
data/processed/wikimedia_commons/images/CH/ns6/201/File:Scenic view near Combe d'Allières (14210965150).jpeg,6.1781826
"data/processed/wikimedia_commons/images/PL/ns6/2/File:Mlynická dolina, Vysoké Tatry 23 Slovakia 12.jpeg",6.1631193
data/processed/wikimedia_commons/images/IT/ns6/1976/File:Way up from Bolognano to Santa Barbara - panoramio (4).jpeg,6.0346394
data/processed/wikimedia_commons/images/FR/ns6/23418/File:Presque île De Crozon (152843819).jpeg,6.217637
data/processed/wikimedia_commons/images/UK/ns6/22/File:Robin's Rocks - geograph.org.uk - 1812074.jpeg,6.1574583
data/processed/wikimedia_commons/images/SE/ns6/2678/File:Lillsjön with Tarfala research station 2022-08-25 04.jpeg,6.01205
data/processed/wikimedia_commons/images/IT/ns6/1928/File:North toward Visp.jpeg,6.22985
data/processed/wikimedia_commons/images/DE/ns6/4/File:Memminger Hütte vom Seekogel.jpeg,6.002612
data/processed/wikimedia_commons/images/FR/ns6/8113/File:Cenise à Novalaise côté Suse (juin 2023).jpeg,6.0002003
data/processed/wikimedia_commons/images/ME/ns6/69/File:Silazak sa Međeda - panoramio.jpeg,6.065301
data/processed/wikimedia_commons/images/AT/ns6/522/File:View from Hiefler 01.jpeg,6.0154305
data/processed/wikimedia_commons/images/UK/ns6/257/File:Lundy coastline - geograph.org.uk - 618420.jpeg,6.0145736
data/processed/wikimedia_commons/images/AT/ns6/522/File:Tauernkogel NW-Ansicht 02.jpeg,6.211087
"data/processed/wikimedia_commons/images/CH/ns6/75/File:Avalanche or tumbling of the seracs (in French, chute de seracs) at Mont Collon 3639 m. See next picture for more details - panoramio.jpeg",6.0341144
data/processed/wikimedia_commons/images/FR/ns6/10662/File:Sentier du Col du Joly au Col de Véry (51036244002).jpeg,6.0979977
data/processed/wikimedia_commons/images/NO/ns6/1202/File:Oldevatnet Sør 1688.jpeg,6.1594505
data/processed/wikimedia_commons/images/IT/ns6/1929/File:Lago delle Locce.jpeg,6.264536
data/processed/wikimedia_commons/images/NO/ns6/2214/File:Nordnorwegen 2019 0215 (48651841428).jpeg,6.0850997
data/processed/wikimedia_commons/images/ES/ns6/3716/File:Estanyons inferiors de Montamantell i vista general.jpeg,6.2577868
data/processed/wikimedia_commons/images/PL/ns6/9/File:Velicky vodopád - panoramio.jpeg,6.0858464
"data/processed/wikimedia_commons/images/NO/ns6/1180/File:Nigardsbreen, Norway 20170527 110536.jpeg",6.036619
data/processed/wikimedia_commons/images/CH/ns6/29/File:Chemin vers le refuge de Leschaux - 9860365876.jpeg,6.022212
data/processed/wikimedia_commons/images/CH/ns6/238/File:5191 - Near Eigergletscher Station.jpeg,6.103077
data/processed/wikimedia_commons/images/UK/ns6/2153/File:Meall nan Eun - geograph.org.uk - 928085.jpeg,6.125816
data/processed/wikimedia_commons/images/AT/ns6/675/File:View from Waxriegel 01.jpeg,6.1877537
data/processed/wikimedia_commons/images/FR/ns6/11135/File:Beaufortain @ Sommet @ Mont Vorassay (50726979256).jpeg,6.117177
"data/processed/wikimedia_commons/images/IT/ns6/1905/File:Campione del Garda - Terrazza del brivido, Tremosine, Brescia, Italy - June 18, 2017.jpeg",6.150128
data/processed/wikimedia_commons/images/IT/ns6/2142/File:Piz dal Fain.jpeg,6.221603
"data/processed/wikimedia_commons/images/FR/ns6/11320/File:Chamonix, France - panoramio (7).jpeg",6.0504966
data/processed/wikimedia_commons/images/BG/ns6/124/File:Bliznaka ezero panorama 1.jpeg,6.3106766
"data/processed/wikimedia_commons/images/FR/ns6/8113/File:2008-07-19. Lac du Mont Cenis, vu depuis l'alpage supérieur.jpeg",6.185436
data/processed/wikimedia_commons/images/UK/ns6/2471/File:Looking towards da Noup from da Sooth Ness - geograph.org.uk - 5027762.jpeg,6.1339726
data/processed/wikimedia_commons/images/HR/ns6/120/File:Canyon of Paklenica.jpeg,6.139764
data/processed/wikimedia_commons/images/IT/ns6/2165/File:Lago di Fedaia 20170727 1141.jpeg,6.0335493
data/processed/wikimedia_commons/images/FR/ns6/5861/File:Alpes-Maritimes Saint-Etienne-De-Tinee Vers Mont Tenibre Lacs Chaffour Et Du Cimon - panoramio (1).jpeg,6.0418386
data/processed/wikimedia_commons/images/ES/ns6/3715/File:TRES ESTANYS - IB-0396.jpeg,6.0410786
data/processed/wikimedia_commons/images/UK/ns6/2421/File:Butt of Lewis Cliffs - geograph.org.uk - 526560.jpeg,6.0750027
data/processed/wikimedia_commons/images/IT/ns6/2133/File:Soca 4.jpeg,6.1692114
data/processed/wikimedia_commons/images/SI/ns6/109/File:Dolina Zapotok (52412561774).jpeg,6.135024
data/processed/wikimedia_commons/images/DE/ns6/120/File:Soiernseen2.jpeg,6.022364
data/processed/wikimedia_commons/images/EL/ns6/124/File:Vue de Porto Kagio.jpeg,6.1189985
data/processed/wikimedia_commons/images/IT/ns6/2238/File:Parco Naturale Tre Cime 08.jpeg,6.0056505
data/processed/wikimedia_commons/images/ES/ns6/3706/File:Maladetas from Estós Valley - panoramio.jpeg,6.094988
data/processed/wikimedia_commons/images/UK/ns6/1749/File:Third Gill - geograph.org.uk - 1180783.jpeg,6.0328765
data/processed/wikimedia_commons/images/BG/ns6/125/File:Едно от Мусаленските езера - panoramio.jpeg,6.0056586
data/processed/wikimedia_commons/images/CH/ns6/214/File:Lago di Lei as seen from Piz Grisch (original retouched).jpeg,6.1673365
data/processed/wikimedia_commons/images/UK/ns6/257/File:Western cliffs on Lundy.jpeg,6.2065077
data/processed/wikimedia_commons/images/FR/ns6/7644/File:Lac de l'Eychauda - Col des Grangettes.jpeg,6.267215
data/processed/wikimedia_commons/images/AT/ns6/226/File:Venet - panoramio (26).jpeg,6.200604
data/processed/wikimedia_commons/images/IT/ns6/2081/File:Lago d'Aviolo - panoramio.jpeg,6.05682
"data/processed/wikimedia_commons/images/ME/ns6/22/File:Bay of Kotor, Primorska Planinarska Transverzala, Montenegro 119.jpeg",6.0247936
data/processed/wikimedia_commons/images/IT/ns6/2142/File:Lago Bianco 2021.jpeg,6.0639877
data/processed/wikimedia_commons/images/AT/ns6/346/File:Reichenspitzgruppe vom Salzachgeier.jpeg,6.0817957
data/processed/wikimedia_commons/images/CH/ns6/31/File:Lac Blanc @ Refuge du Lac Blanc 06.jpeg,6.3879595
data/processed/wikimedia_commons/images/AT/ns6/236/File:Blick ins Inntal aus der Axamer Lizum - panoramio.jpeg,6.06707
data/processed/wikimedia_commons/images/CH/ns6/424/File:Fronalp - panoramio - Jan Uyttebroeck.jpeg,6.305402
data/processed/wikimedia_commons/images/UK/ns6/2238/File:Sgùrr nan Spainteach - geograph.org.uk - 1353714.jpeg,6.133424
data/processed/wikimedia_commons/images/FR/ns6/9881/File:Lac de la Gittaz Rocher du Vent.jpeg,6.2773027
data/processed/wikimedia_commons/images/PT/ns6/3/File:Cabo de San Vicente (Portugal) (25213620741).jpeg,6.0026236
data/processed/wikimedia_commons/images/IT/ns6/2030/File:Dal Rifugio Lissone alla Baita Adamé - panoramio (2).jpeg,6.2316265
data/processed/wikimedia_commons/images/RO/ns6/536/File:Gory Fogaraskie (Fagaras Mountains) 22.jpeg,6.015632
data/processed/wikimedia_commons/images/NO/ns6/1318/File:Geirangerfjord - panoramio.jpeg,6.0857725
data/processed/wikimedia_commons/images/CH/ns6/74/File:Verbier (32698473681).jpeg,6.0905485
data/processed/wikimedia_commons/images/IT/ns6/2027/File:Lago Publino da Zerna.jpeg,6.0675387
data/processed/wikimedia_commons/images/UK/ns6/5/File:Beagles Point and Beagles Hole from Treleaver Cliff - geograph.org.uk - 125396.jpeg,6.173047
data/processed/wikimedia_commons/images/FR/ns6/10657/File:L'Étale @ Sommet @ Pointe de Merdassier (51388975400).jpeg,6.032543
data/processed/wikimedia_commons/images/CH/ns6/208/File:3661 - Bellwald viewed from Eggishorn.jpeg,6.0618563
data/processed/wikimedia_commons/images/FR/ns6/5580/File:Mountain Lake in the Maritime Alps.jpeg,6.1195097
data/processed/wikimedia_commons/images/UK/ns6/47/File:Bedruthan Steps - geograph.org.uk - 562577.jpeg,6.0824842
data/processed/wikimedia_commons/images/AT/ns6/294/File:Muttekopfhütte mit Hinterer Platteinspitze.jpeg,6.005598
data/processed/wikimedia_commons/images/CH/ns6/171/File:Aerial Photograph of Flueseeli Lake.jpeg,6.5724897
data/processed/wikimedia_commons/images/PL/ns6/25/File:Ciemniak panorama.jpeg,6.14885
data/processed/wikimedia_commons/images/AT/ns6/181/File:Großglockner Hochalpenstraße 21082018 94.jpeg,6.0776615
data/processed/wikimedia_commons/images/DE/ns6/14/File:Zugspitzblick vom Höllentorkopf.jpeg,6.0659685
data/processed/wikimedia_commons/images/FR/ns6/11135/File:Val Montjoie @ Sommet @ Mont Vorassay (50727066687).jpeg,6.0733404
data/processed/wikimedia_commons/images/ES/ns6/3797/File:Formigal on a cloudy summer day.jpeg,6.1560802
data/processed/wikimedia_commons/images/FR/ns6/10660/File:Roc de Nantbellet @ Serraval (51375744991).jpeg,6.0305977
data/processed/wikimedia_commons/images/AT/ns6/580/File:Königssee (150758291).jpeg,6.2520075
data/processed/wikimedia_commons/images/AT/ns6/182/File:Mallnitzriegel.jpeg,6.010217
data/processed/wikimedia_commons/images/CH/ns6/181/File:2011-07-31 14-34-32 Switzerland Crasta.jpeg,6.000188
data/processed/wikimedia_commons/images/CH/ns6/282/File:Triftbrücke ( Vista dal ponte ) - panoramio.jpeg,6.205892
data/processed/wikimedia_commons/images/FR/ns6/8985/File:Gran Paradiso 43.jpeg,6.147794
data/processed/wikimedia_commons/images/IS/ns6/80/File:2005-05-29 13 37 33 Iceland-Knappavellir.jpeg,6.0360475
data/processed/wikimedia_commons/images/ES/ns6/3708/File:P1080095 - Estany de Tumeneia de Baix.jpeg,6.09785
data/processed/wikimedia_commons/images/UK/ns6/47/File:Bedruthan steps - geograph.org.uk - 1407815.jpeg,6.3381352
data/processed/wikimedia_commons/images/CH/ns6/280/File:Höch Gumme DSC 4295 (6448910809).jpeg,6.328238
data/processed/wikimedia_commons/images/NO/ns6/169/File:Preikestolen - panoramio (2).jpeg,6.1028585
data/processed/wikimedia_commons/images/CH/ns6/180/File:Chiavenna as seen from Pizz Gallagiun.jpeg,6.300539
data/processed/wikimedia_commons/images/CH/ns6/440/File:Lünersee - panoramio (3).jpeg,6.2265987
data/processed/wikimedia_commons/images/FR/ns6/9172/File:Vallone di Levionaz (9531624836).jpeg,6.162484
data/processed/wikimedia_commons/images/ES/ns6/3642/File:Rec de Cortal Rosso et Porté-Puymorens.jpeg,6.0099297
data/processed/wikimedia_commons/images/IT/ns6/2132/File:Dal Mangart.jpeg,6.1503844
data/processed/wikimedia_commons/images/FR/ns6/10163/File:Arp Vieille Supérieure Mont Fortin.jpeg,6.111473
data/processed/wikimedia_commons/images/IT/ns6/2269/File:Unterer Seekarsee 04.jpeg,6.390133
data/processed/wikimedia_commons/images/RO/ns6/1118/File:Озеро та гора Бребенескул.jpeg,6.115032
data/processed/wikimedia_commons/images/MK/ns6/95/File:Панорама на Близанско.jpeg,6.005032
data/processed/wikimedia_commons/images/ES/ns6/3800/File:Capdelongmatin.jpeg,6.326379
data/processed/wikimedia_commons/images/FR/ns6/8051/File:Savoie Valloire 031999 - panoramio.jpeg,6.1414795
data/processed/wikimedia_commons/images/FR/ns6/7532/File:Alta Valle Susa con Chaberton.jpeg,6.048972
data/processed/wikimedia_commons/images/AT/ns6/241/File:20210902.Weißsee-Gletscherwelt.-062.jpeg,6.3099594
data/processed/wikimedia_commons/images/CH/ns6/535/File:Säntis (116753115).jpeg,6.1485553
data/processed/wikimedia_commons/images/IT/ns6/2167/File:Marmarole dalla Strada Sanmarchi.jpeg,6.146846
data/processed/wikimedia_commons/images/IT/ns6/1246/File:Fivizzano Cave Crespina lub 2023-06-29 img02.jpeg,6.1923695
data/processed/wikimedia_commons/images/FR/ns6/6799/File:Pelouse alpine verdoyante.jpeg,6.1229773
data/processed/wikimedia_commons/images/CH/ns6/218/File:2011-08-01 15-23-48 Switzerland Piz Corvatsch 6vl.jpeg,6.0264955
data/processed/wikimedia_commons/images/NO/ns6/939/File:Nærøyfjord (22931355464).jpeg,6.137159
data/processed/wikimedia_commons/images/NO/ns6/1127/File:Kjøsnesfjorden (163357).jpeg,6.112625
data/processed/wikimedia_commons/images/ES/ns6/3708/File:2007-09-08 - (px) Estany de Travessani.jpeg,6.083209
"data/processed/wikimedia_commons/images/NO/ns6/2214/File:Brasråstindan from the east, Flakstad, Nordland, Norway, 2017 April.jpeg",6.002723
data/processed/wikimedia_commons/images/CH/ns6/243/File:Der Lago Scuro.jpeg,6.107922
data/processed/wikimedia_commons/images/NO/ns6/1388/File:Trollstigen view - panoramio.jpeg,6.195135
data/processed/wikimedia_commons/images/FR/ns6/9161/File:Vers Saint-Jean-de-Maurienne @ Sommet du Mont Morbier (51368437427).jpeg,6.140153
data/processed/wikimedia_commons/images/FR/ns6/9224/File:Les Boisses - Lac du Chevril.jpeg,6.00521
data/processed/wikimedia_commons/images/ES/ns6/282/File:Cala de San Pedro (15411013443).jpeg,6.093569
data/processed/wikimedia_commons/images/AT/ns6/354/File:Hüttkarsee predigtstuhl0089.jpeg,6.2038436
data/processed/wikimedia_commons/images/FR/ns6/1043/File:Litoranea fra Calvi e Galeria (Corse)(F) 24 Giugno 2013 - panoramio.jpeg,6.009864
data/processed/wikimedia_commons/images/DE/ns6/22/File:Halltal von der Alpensoehnehuette.jpeg,6.0103054
data/processed/wikimedia_commons/images/UK/ns6/2300/File:Coire Lair - geograph.org.uk - 209389.jpeg,6.062048
data/processed/wikimedia_commons/images/PT/ns6/37/File:Litoral entre o Porto de Pesca da Lapa das Pombas e a Praia do Cavaleiro - Portugal (20715786728).jpeg,6.16675
data/processed/wikimedia_commons/images/ES/ns6/3800/File:W4240 Aragnouet Oredon 90006.jpeg,6.077981
data/processed/wikimedia_commons/images/CH/ns6/31/File:Lac Blanc @ Chamonix (51486536826).jpeg,6.5887356
"data/processed/wikimedia_commons/images/CH/ns6/497/File:Zalimtal, Oberzalimhütte Brand Bludenz.jpeg",6.191772
data/processed/wikimedia_commons/images/UK/ns6/152/File:Cliffs above Speke's Mill Beach - geograph.org.uk - 506856.jpeg,6.027257
data/processed/wikimedia_commons/images/IT/ns6/2198/File:Suggestione - panoramio.jpeg,6.02387
data/processed/wikimedia_commons/images/UK/ns6/2118/File:Loch na Sreinge - geograph.org.uk - 1047233.jpeg,6.086624
data/processed/wikimedia_commons/images/FR/ns6/9881/File:Screes in Combe de la Neuva1.jpeg,6.093688
"data/processed/wikimedia_commons/images/IT/ns6/2197/File:Cima Lastron dei Scarperi, versante sud.jpeg",6.0425115
data/processed/wikimedia_commons/images/CH/ns6/75/File:Barrage de Moiry en hiver.jpeg,6.215208
data/processed/wikimedia_commons/images/BG/ns6/39/File:Pirin - view from Kuklite peak 2686 m - panoramio (4).jpeg,6.215419
data/processed/wikimedia_commons/images/NO/ns6/1127/File:Kjøsnesfjorden (134257).jpeg,6.141356
data/processed/wikimedia_commons/images/AT/ns6/119/File:Patschertal 2008 XII.jpeg,6.154479
data/processed/wikimedia_commons/images/FR/ns6/10807/File:Sommet @ Mont Vorassay (50727110817).jpeg,6.004769
data/processed/wikimedia_commons/images/FR/ns6/10163/File:Glacier du Châtelet.jpeg,6.12909
data/processed/wikimedia_commons/images/FR/ns6/11929/File:Panoramic view from from Le Môle - panoramio (19).jpeg,6.0024605
data/processed/wikimedia_commons/images/ES/ns6/1306/File:Sa Dragonera.jpeg,6.1080317
data/processed/wikimedia_commons/images/ES/ns6/3628/File:2012-08-16 - (20x) Circ de Gémena.jpeg,6.499488
data/processed/wikimedia_commons/images/CH/ns6/341/File:Kausenpass.jpeg,6.0488715
data/processed/wikimedia_commons/images/FR/ns6/11564/File:Pointe de Rouelletaz @ Le Grand-Bornand (51049198103).jpeg,6.0098615
data/processed/wikimedia_commons/images/PL/ns6/41/File:Poranek w Dolinie Pieciu Stawów Polskich.jpeg,6.0880632
data/processed/wikimedia_commons/images/FR/ns6/8533/File:Lac Blanc de Polset.jpeg,6.322624
data/processed/wikimedia_commons/images/FR/ns6/9043/File:Le lac de tignes - panoramio (2).jpeg,6.0154247
data/processed/wikimedia_commons/images/CH/ns6/32/File:Val Ferret (CH) - panoramio - Rokus Cornelis (9).jpeg,6.0156803
data/processed/wikimedia_commons/images/CH/ns6/77/File:Lago di Antrona visto dalla diga di Campliccioli.jpeg,6.000655
data/processed/wikimedia_commons/images/FR/ns6/6699/File:Hautes-Alpes Vers Les Lacs de Crupillouse Vue Sur La Vallee Du Drac 082005 - panoramio - rene boulay.jpeg,6.050891
"data/processed/wikimedia_commons/images/AT/ns6/179/File:Gemeinde Kals am Großglockner, 9981, Austria - panoramio (1).jpeg",6.109641
"data/processed/wikimedia_commons/images/AT/ns6/243/File:Gemeinde Heiligenblut, 9844, Austria - panoramio (7).jpeg",6.4356356
data/processed/wikimedia_commons/images/ES/ns6/5173/File:Lac des Gloriettes - 1.jpeg,6.1012564
data/processed/wikimedia_commons/images/CH/ns6/34/File:Dent d'Herens e Cervino da Valpelline.jpeg,6.0502405
data/processed/wikimedia_commons/images/IT/ns6/2165/File:Serauta - panoramio.jpeg,6.0407963
data/processed/wikimedia_commons/images/UK/ns6/2261/File:Mullach na Dheiragain from Sgurr nan Ceathreamhnan - panoramio.jpeg,6.089899
data/processed/wikimedia_commons/images/FR/ns6/6606/File:Pres lac-Lestio-au pied du Mont-Viso-Queyras-DSCB-059.jpeg,6.033079
data/processed/wikimedia_commons/images/SE/ns6/2678/File:Lillsjön with Tarfala research station 2022-08-25 02.jpeg,6.174405
"data/processed/wikimedia_commons/images/AT/ns6/219/File:Albona Stubiger Alpe, Paul-Pantlin-Weg Flexenpass Zürs 1.jpeg",6.0470576
data/processed/wikimedia_commons/images/ES/ns6/3521/File:Vall del riu d'Aós vist desde la casa Llumaneras (Restored).jpeg,6.0896287
data/processed/wikimedia_commons/images/CH/ns6/409/File:Pilatus 2008 - 27.jpeg,6.0024824
data/processed/wikimedia_commons/images/FR/ns6/10657/File:Arête de la Pointe de Merdassier (51391190632).jpeg,6.242232
data/processed/wikimedia_commons/images/CH/ns6/238/File:5197 - Near Eigergletscher Station.jpeg,6.2091665
data/processed/wikimedia_commons/images/AT/ns6/182/File:Unterer Bockhartsee - panoramio.jpeg,6.0265822
data/processed/wikimedia_commons/images/FR/ns6/10163/File:Italy 2017-07-27 (37365136301).jpeg,6.059746
data/processed/wikimedia_commons/images/PL/ns6/9/File:Malá Studená Dolina Small Cold Valley (196006147).jpeg,6.167845
data/processed/wikimedia_commons/images/AT/ns6/592/File:Augstalm BHO-2684.jpeg,6.041919
data/processed/wikimedia_commons/images/CH/ns6/220/File:Val Viola - Laghetto alpino.jpeg,6.097821
data/processed/wikimedia_commons/images/CH/ns6/75/File:Glacier de Moiry - img 10684.jpeg,6.380213
data/processed/wikimedia_commons/images/IT/ns6/1950/File:San Zeno Inverno.jpeg,6.118311
data/processed/wikimedia_commons/images/IT/ns6/2027/File:Val Livrio.jpeg,6.0607843
"data/processed/wikimedia_commons/images/PL/ns6/15/File:Droga na Rysy, Dolina Ciezka.jpeg",6.155063
data/processed/wikimedia_commons/images/SI/ns6/82/File:Krnsko jezero iz Krna z Julijskimi Alpami 1.jpeg,6.1479692
data/processed/wikimedia_commons/images/NO/ns6/939/File:Nærøyfjorden (6220474249).jpeg,6.0508604
"data/processed/wikimedia_commons/images/UK/ns6/2245/File:Caol Ghleann, Ben Avon - geograph.org.uk - 498838.jpeg",6.112458
data/processed/wikimedia_commons/images/CH/ns6/31/File:Lac Blanc @ Chamonix (51486757538).jpeg,6.0238547
data/processed/wikimedia_commons/images/HR/ns6/56/File:Croatia (28405818078).jpeg,6.03466
data/processed/wikimedia_commons/images/CH/ns6/134/File:Nanztal (15233658437).jpeg,6.262438
data/processed/wikimedia_commons/images/ES/ns6/3703/File:Spain 2013-07-31 (9692276876).jpeg,6.0126324
data/processed/wikimedia_commons/images/NO/ns6/2070/File:Svartisen Glacier (220527825).jpeg,6.042975
data/processed/wikimedia_commons/images/PT/ns6/242/File:Nazaré (44687234490).jpeg,6.0175614
"data/processed/wikimedia_commons/images/CH/ns6/134/File:Aletschhorn, Finsteraarhorn and Aletschgletscher (15420109435).jpeg",6.0346413
data/processed/wikimedia_commons/images/EL/ns6/124/File:Cape Tainaron - panoramio (1).jpeg,6.089851
data/processed/wikimedia_commons/images/CH/ns6/0/File:Val Ferret @ Pré de Bard Damon 03.jpeg,6.012347
data/processed/wikimedia_commons/images/UK/ns6/2413/File:Unnamed loch near Rubha Ruadh - geograph.org.uk - 772897.jpeg,6.0716686
data/processed/wikimedia_commons/images/PT/ns6/21/File:Litoral entre a Praia da Barradinha e a Praia da Samouqueira - Portugal (15636750913).jpeg,6.035587
data/processed/wikimedia_commons/images/SI/ns6/109/File:Triglav (36161576101).jpeg,6.0062723
data/processed/wikimedia_commons/images/CH/ns6/218/File:Corvatsch-NW-P.jpeg,6.1932597
data/processed/wikimedia_commons/images/FR/ns6/10807/File:Sommet @ Mont Vorassay (50727115517).jpeg,6.3891277
data/processed/wikimedia_commons/images/CH/ns6/220/File:I Lagh da Mürüsciola.jpeg,6.170845
data/processed/wikimedia_commons/images/FR/ns6/7417/File:Ses295.jpeg,6.2468653
data/processed/wikimedia_commons/images/FR/ns6/11230/File:Passy - img 41156.jpeg,6.078957
data/processed/wikimedia_commons/images/DE/ns6/16/File:Reintal vom Gatterl HQ.jpeg,6.6226873
data/processed/wikimedia_commons/images/TR/ns6/1980/File:MUNZur - panoramio.jpeg,6.1260624
data/processed/wikimedia_commons/images/NO/ns6/900/File:N74Matre01.jpeg,6.0877776
data/processed/wikimedia_commons/images/UK/ns6/713/File:South end of Ramsey - geograph.org.uk - 27997.jpeg,6.268563
data/processed/wikimedia_commons/images/FR/ns6/5861/File:Laghi inferiori dell'Ischiator e Rifugio Migliorero dalla cresta tra il Becco alto di Rostagno e il Passo di Rostagno.jpeg,6.231801
data/processed/wikimedia_commons/images/UK/ns6/2357/File:Oisebhal and St Kilda Village - geograph.org.uk - 522785.jpeg,6.2576065
data/processed/wikimedia_commons/images/CH/ns6/442/File:Gaschurn-Partenen-Vermunt-Bielerhoehe-Silvrettastraße (B 188) toll collect in Ganifer-01ASD.jpeg,6.027837
data/processed/wikimedia_commons/images/ES/ns6/3810/File:VALL DE RUDA - NAUT ARAN - IB-648.jpeg,6.4124637
data/processed/wikimedia_commons/images/FR/ns6/10657/File:Sommet @ Pointe de Merdassier (51388210583).jpeg,6.2950583
data/processed/wikimedia_commons/images/DE/ns6/9/File:Seealpsee-Zeigersattel-JR-E-6369-2022-09-13.jpeg,6.003844
data/processed/wikimedia_commons/images/AT/ns6/354/File:Seekarsee kleinsölk 74218 2014-10-07.jpeg,6.0290256
"data/processed/wikimedia_commons/images/FR/ns6/5672/File:Val Maira, sentiero dei fiori (1).jpeg",6.039629
data/processed/wikimedia_commons/images/BG/ns6/125/File:Леденото езеро.jpeg,6.009918
data/processed/wikimedia_commons/images/CH/ns6/75/File:Bricola 180°-Panorama - panoramio.jpeg,6.296273
data/processed/wikimedia_commons/images/IT/ns6/2195/File:St. Ulrich von Seceda im März 2012.jpeg,6.139613
data/processed/wikimedia_commons/images/PL/ns6/2/File:Pleso nad Skokom Štrbský štít.jpeg,6.109486
"data/processed/wikimedia_commons/images/IT/ns6/2166/File:32022 Alleghe, Province of Belluno, Italy - panoramio (1).jpeg",6.246505
data/processed/wikimedia_commons/images/NO/ns6/2070/File:9436Svaristen 2400.jpeg,6.2358747
data/processed/wikimedia_commons/images/CH/ns6/274/File:5857-5860 - Schynige Platte - Brienzersee viewed from Oberberghorn.jpeg,6.1511927
data/processed/wikimedia_commons/images/ME/ns6/69/File:Šareni Pasovi - panoramio.jpeg,6.034569
"data/processed/wikimedia_commons/images/BG/ns6/55/File:Бъндеришки чукар, Дончови караули и Муратов връх,Banderischki chukar,Donchovi karauli end Muratov peak - panoramio.jpeg",6.017051
data/processed/wikimedia_commons/images/CH/ns6/67/File:Glacier d'Argentière @ Tourbière de Tré les Eaux.jpeg,6.147663
data/processed/wikimedia_commons/images/FR/ns6/8857/File:E0700A6CCED5rt.jpeg,6.2881145
data/processed/wikimedia_commons/images/IT/ns6/1928/File:Zermatt - panoramio (7).jpeg,6.2433076
"data/processed/wikimedia_commons/images/IT/ns6/2082/File:Tonale Cima Presena 3069 view from last lift Presena sinistro 3016m, Val di Sole, Pejo - panoramio.jpeg",6.0284767
data/processed/wikimedia_commons/images/PT/ns6/37/File:Litoral entre o Porto de Pesca da Lapa das Pombas e a Praia do Cavaleiro - Portugal (22596908838).jpeg,6.05749
data/processed/wikimedia_commons/images/ES/ns6/3537/File:Gorgues del Ferrar des del Balandrau (gener 2012) - panoramio.jpeg,6.2654486
data/processed/wikimedia_commons/images/CH/ns6/180/File:Val Madris as seen from Pizz Gallagiun.jpeg,6.0864606
data/processed/wikimedia_commons/images/UK/ns6/2483/File:Cliffs north of Cleras Geo - geograph.org.uk - 2591014.jpeg,6.174022
data/processed/wikimedia_commons/images/CH/ns6/353/File:Haupter Tälli as seen from Felsenweg.jpeg,6.646849
data/processed/wikimedia_commons/images/CH/ns6/32/File:Grand St Bernard (top).jpeg,6.0356283
data/processed/wikimedia_commons/images/AT/ns6/241/File:20210902.Weißsee-Gletscherwelt.-055.jpeg,6.2067223
data/processed/wikimedia_commons/images/CH/ns6/237/File:Jungfraujoch - panoramio (7).jpeg,6.213887
data/processed/wikimedia_commons/images/UK/ns6/23/File:Hell's Mouth - geograph.org.uk - 2663221.jpeg,6.2489653
data/processed/wikimedia_commons/images/ES/ns6/3/File:Biosphere Reserve Isla de El Hierro 12.jpeg,6.0284333
data/processed/wikimedia_commons/images/FR/ns6/8921/File:Lac de la Plagne côté nord-ouest (août 2023).jpeg,6.0607977
data/processed/wikimedia_commons/images/RO/ns6/455/File:Stancă mare pe creastă iarna - panoramio.jpeg,6.0078526
data/processed/wikimedia_commons/images/FR/ns6/9752/File:Dent de Rossanaz @ Sommet @ Mont Colombier (51395518900).jpeg,6.075925
data/processed/wikimedia_commons/images/ES/ns6/5228/File:Piedrafita de la Mediana 05 by-dpc.jpeg,6.1931925
data/processed/wikimedia_commons/images/FR/ns6/1095/File:2011-08-04 - (37ax) Vall de Comalesbienes.jpeg,6.1059437
data/processed/wikimedia_commons/images/CH/ns6/28/File:Hike to Glacier d'Argentière - panoramio (34).jpeg,6.1707015
data/processed/wikimedia_commons/images/FR/ns6/11021/File:Montagne du Charbon @ Plateforme de l'Ancien Téléphérique du Mont Baron (51000642726).jpeg,6.150055
data/processed/wikimedia_commons/images/CH/ns6/123/File:Lac de Tavaneuse 01.jpeg,6.074412
data/processed/wikimedia_commons/images/CH/ns6/238/File:5192 - Near Eigergletscher Station.jpeg,6.180271
"data/processed/wikimedia_commons/images/AL/ns6/153/File:2013-10-05 Valbona, Albania 8343 (Rragam).jpeg",6.051551
data/processed/wikimedia_commons/images/CH/ns6/180/File:Val Maroz e Maloja - panoramio.jpeg,6.2499323
data/processed/wikimedia_commons/images/CH/ns6/337/File:SpilauerSee-S.jpeg,6.2650566
data/processed/wikimedia_commons/images/RO/ns6/455/File:Lacul Mandra si Varful Gruiu (2345m) - panoramio.jpeg,6.1385703
data/processed/wikimedia_commons/images/FR/ns6/8113/File:Vallée d'Ambin - img 22633.jpeg,6.16613
data/processed/wikimedia_commons/images/CH/ns6/297/File:Davos as seen from Älplihorn (summer).jpeg,6.025816
data/processed/wikimedia_commons/images/IT/ns6/2248/File:Panoramic view from the Hangerer - panoramio (4).jpeg,6.386227
"data/processed/wikimedia_commons/images/DE/ns6/17/File:Zugspitze, Blick nach Ehrwald und Lermoos.jpeg",6.2734413
"data/processed/wikimedia_commons/images/IT/ns6/2127/File:32020 La Valle Agordina, Province of Belluno, Italy - panoramio (7).jpeg",6.0983033
data/processed/wikimedia_commons/images/IT/ns6/2283/File:Friesenbergsee Panorama.jpeg,6.053766
data/processed/wikimedia_commons/images/IT/ns6/2015/File:Panoramic view from San Bernardo.jpeg,6.209054
data/processed/wikimedia_commons/images/PL/ns6/42/File:13 Tatras.jpeg,6.086657
data/processed/wikimedia_commons/images/CH/ns6/535/File:Schwägalp-Säntis - panoramio (49).jpeg,6.568206
data/processed/wikimedia_commons/images/FR/ns6/8921/File:Mountain pond 4.jpeg,6.01801
data/processed/wikimedia_commons/images/FR/ns6/5477/File:Lac Trecolpas to Col Fenestre - Looking to SE - panoramio.jpeg,6.153973
data/processed/wikimedia_commons/images/CH/ns6/221/File:Frana del 1987 vista dalle baite di boero - panoramio.jpeg,6.0570292
data/processed/wikimedia_commons/images/FR/ns6/10163/File:Jardin du Miage Lac des Vesses.jpeg,6.103717
"data/processed/wikimedia_commons/images/AT/ns6/219/File:Albona Stubiger Alpe, Paul-Pantlin-Weg Flexenpass Zürs.jpeg",6.250186
data/processed/wikimedia_commons/images/NO/ns6/2259/File:Trollfjorden 01.jpeg,6.0214224
data/processed/wikimedia_commons/images/IT/ns6/2228/File:Latzfons Heiligkreuz auf Ritzlar (BD 15441 1 05-2015).jpeg,6.0380464
data/processed/wikimedia_commons/images/IT/ns6/2247/File:View from Vorderer Brochkogel 04.jpeg,6.0032454
"data/processed/wikimedia_commons/images/NO/ns6/1274/File:Videdalen towards Hjelledalen in Stryn, Vestland, Norway, 2019 July.jpeg",6.2088566
data/processed/wikimedia_commons/images/CH/ns6/215/File:Sot Gôt as seen from Piz Neir.jpeg,6.211465
data/processed/wikimedia_commons/images/UK/ns6/2209/File:Loch Brandy - geograph.org.uk - 8694.jpeg,6.25358
data/processed/wikimedia_commons/images/ES/ns6/3906/File:Lac de Migouelou.jpeg,6.1579885
"data/processed/wikimedia_commons/images/FR/ns6/8113/File:2008-07-19. Lac du mont cenis, vu depuis le cirque glaciaire.jpeg",6.317215
data/processed/wikimedia_commons/images/SE/ns6/2623/File:Akkajaure - KMB - 16001000087546.jpeg,6.14408
data/processed/wikimedia_commons/images/ES/ns6/3706/File:L'ivó Blanc de Lliterola glaçat i el pic de Perdiguero amb neu.jpeg,6.2935276
data/processed/wikimedia_commons/images/FR/ns6/10161/File:Beaufortain @ Marlens (51354704041).jpeg,6.0456724
"data/processed/wikimedia_commons/images/PL/ns6/29/File:Roháče - Ostredok, Nižná Magura, Ostredok.jpeg",6.039414
data/processed/wikimedia_commons/images/IT/ns6/2192/File:Lec de Mastlé Gherdëina.jpeg,6.091278
data/processed/wikimedia_commons/images/FR/ns6/9105/File:Rock formation in Tignes.jpeg,6.0008707
data/processed/wikimedia_commons/images/ES/ns6/5173/File:Lac des Gloriettes - 6.jpeg,6.0322657
data/processed/wikimedia_commons/images/AT/ns6/242/File:Großglockner - panoramio (46).jpeg,6.071902
data/processed/wikimedia_commons/images/FR/ns6/9998/File:Mgne de la Sambuy - panoramio.jpeg,6.073943
data/processed/wikimedia_commons/images/UK/ns6/1200/File:View north from Mynydd Moel - geograph.org.uk - 1615772.jpeg,6.0417757
data/processed/wikimedia_commons/images/CH/ns6/280/File:Down from Rothorn. W dół z Rothorn - panoramio.jpeg,6.0123296
data/processed/wikimedia_commons/images/NO/ns6/2201/File:Norway 2014-07-23 (14963736286).jpeg,6.032917
data/processed/wikimedia_commons/images/FR/ns6/9106/File:Lac de la Sassière 5.jpeg,6.4639845
data/processed/wikimedia_commons/images/ES/ns6/3743/File:Candin 04 Ancares by-dpc.jpeg,6.241592
data/processed/wikimedia_commons/images/AT/ns6/236/File:Speicherteich Dohlennest Baustelle 20170827.jpeg,6.370342
data/processed/wikimedia_commons/images/CH/ns6/409/File:Pilatus 2008 - 23.jpeg,6.0083513
data/processed/wikimedia_commons/images/FR/ns6/6005/File:Cuneo valcavera.jpeg,6.0878963
data/processed/wikimedia_commons/images/CH/ns6/181/File:Piz Lagrev 2.jpeg,6.0105233
data/processed/wikimedia_commons/images/PL/ns6/36/File:Tatry Dolina 5 Stawów 2.jpeg,6.0024953
data/processed/wikimedia_commons/images/EL/ns6/659/File:Θέα από το κάστρο.jpeg,6.035448
data/processed/wikimedia_commons/images/ES/ns6/3629/File:2008-07-24 - (05x) Vall de les Corticelles.jpeg,6.1408887
data/processed/wikimedia_commons/images/SI/ns6/82/File:Krnsko jezero iz Krna z Julijskimi Alpami.jpeg,6.0344944
data/processed/wikimedia_commons/images/IT/ns6/2197/File:Cortina d'Ampezzo and mountains.jpeg,6.0403833
data/processed/wikimedia_commons/images/CH/ns6/502/File:Sarotlatal Panorama.jpeg,6.0951705
data/processed/wikimedia_commons/images/CH/ns6/253/File:Blick in die Tiefe.jpeg,6.0432854
"data/processed/wikimedia_commons/images/ME/ns6/24/File:P11, Montenegro - panoramio - ines lukic (4).jpeg",6.045865
data/processed/wikimedia_commons/images/FR/ns6/9998/File:Chalet du Drison.jpeg,6.0229287
data/processed/wikimedia_commons/images/CH/ns6/82/File:San Bartolomeo - panoramio (1).jpeg,6.124261
data/processed/wikimedia_commons/images/CH/ns6/328/File:Switzerland 2019 (48962442658).jpeg,6.1768346
data/processed/wikimedia_commons/images/NO/ns6/169/File:Preikestolen - Pulpit Rock.jpeg,6.0032196
data/processed/wikimedia_commons/images/ES/ns6/3706/File:ESTANYS D'ANGLOS - 21-07-91 - IB-28.jpeg,6.257326
data/processed/wikimedia_commons/images/ES/ns6/3628/File:2007-09-10 - (04ax) Estanys Gèmena.jpeg,6.1394973
data/processed/wikimedia_commons/images/FR/ns6/40562/File:NezJobourg.jpeg,6.5540633
"data/processed/wikimedia_commons/images/NO/ns6/2183/File:Ågvatnet in Moskenes, Nordland, Norway, 2017 April.jpeg",6.084916
data/processed/wikimedia_commons/images/AT/ns6/177/File:Kals-Matreier-Törl a.jpeg,6.3188286
data/processed/wikimedia_commons/images/FR/ns6/8921/File:Lac de la Plagne.jpeg,6.2184606
data/processed/wikimedia_commons/images/ES/ns6/198/File:Castell de Ferro and clouds over mountain Lújar 1.jpeg,6.091803
data/processed/wikimedia_commons/images/CH/ns6/67/File:Glacier de Tré les Eaux @ Tourbière de Tré les Eaux 03.jpeg,6.1199636
data/processed/wikimedia_commons/images/CH/ns6/237/File:Jungfraujoch - panoramio - Patrick Nouhailler's… (23).jpeg,6.257236
data/processed/wikimedia_commons/images/AT/ns6/528/File:Ennstal 03.jpeg,6.2552557
data/processed/wikimedia_commons/images/FR/ns6/11230/File:Les Houches @ Aiguillette du Brévent.jpeg,6.2268333
data/processed/wikimedia_commons/images/FR/ns6/7747/File:La Meije vue du refuge de l'Aigle - dsdm18146.jpeg,6.030089
data/processed/wikimedia_commons/images/FR/ns6/8856/File:Saut du Pisset.jpeg,6.0835056
data/processed/wikimedia_commons/images/FR/ns6/8106/File:France Isère Lac du Crozet.jpeg,6.052685
data/processed/wikimedia_commons/images/ES/ns6/3706/File:Estany de Llauset (agost 2006) - panoramio - EliziR.jpeg,6.1471567
data/processed/wikimedia_commons/images/CH/ns6/214/File:Piz Timun - Pizzo di Emet Panorama.jpeg,6.092783
data/processed/wikimedia_commons/images/CH/ns6/251/File:Pass Chaschauna - panoramio (4).jpeg,6.52395
data/processed/wikimedia_commons/images/FR/ns6/5672/File:Val Maira (Cn).jpeg,6.1299825
"data/processed/wikimedia_commons/images/NO/ns6/773/File:Måbødalen - Eidfjord, Norway 2021-07-24 (02).jpeg",6.2116547
data/processed/wikimedia_commons/images/FR/ns6/11648/File:Chamonix (51051218203).jpeg,6.062546
data/processed/wikimedia_commons/images/FR/ns6/9285/File:Lac d'Amour3.jpeg,6.026066
data/processed/wikimedia_commons/images/FR/ns6/10928/File:Talloires-Montmin (51222280105).jpeg,6.0395794
data/processed/wikimedia_commons/images/FR/ns6/7644/File:Col de la Ponsonnière (15285472359).jpeg,6.041454
data/processed/wikimedia_commons/images/AT/ns6/170/File:Unterer Laubkarsee 02.jpeg,6.1386786
data/processed/wikimedia_commons/images/NO/ns6/1180/File:Nigardsbreen 601.jpeg,6.2930975
data/processed/wikimedia_commons/images/CH/ns6/32/File:Val Ferret (CH) - panoramio - Rokus Cornelis (4).jpeg,6.270607
"data/processed/wikimedia_commons/images/RO/ns6/1118/File:Verkhovyns'kyi district, Ivano-Frankivs'ka oblast, Ukraine - panoramio - Igor1972P (1).jpeg",6.2355328
data/processed/wikimedia_commons/images/UK/ns6/920/File:Looking into inlet east of Bwn Bach - geograph.org.uk - 3011021.jpeg,6.0511737
data/processed/wikimedia_commons/images/UK/ns6/2153/File:View north east from Ben Starav - geograph.org.uk - 740837.jpeg,6.1260614
data/processed/wikimedia_commons/images/FR/ns6/5479/File:Punta Mirauda and Punta Labiaia from Monte Jurin.jpeg,6.169752
data/processed/wikimedia_commons/images/FR/ns6/10163/File:Val Vény Mont Fortin.jpeg,6.0875425
data/processed/wikimedia_commons/images/CH/ns6/495/File:Chäserrugg - panoramio (53).jpeg,6.1259327
data/processed/wikimedia_commons/images/UK/ns6/2421/File:Skerries at Lochruban - geograph.org.uk - 2636535.jpeg,6.0244193
data/processed/wikimedia_commons/images/NO/ns6/1318/File:Geiranger in september - panoramio (1).jpeg,6.0749164
data/processed/wikimedia_commons/images/FR/ns6/7691/File:Lac de Brouffier.jpeg,6.5264606
data/processed/wikimedia_commons/images/AT/ns6/119/File:Patschertal 2008 VIII.jpeg,6.13423
data/processed/wikimedia_commons/images/FR/ns6/8679/File:Haute-Maurienne depuis la route de l'Iseran (juillet 2023).jpeg,6.1325636
data/processed/wikimedia_commons/images/FR/ns6/13780/File:Panoramic view from the Balcon des Mémises - panoramio (14).jpeg,6.0523806
data/processed/wikimedia_commons/images/IE/ns6/32/File:Cromwell Point Light - panoramio.jpeg,6.271172
data/processed/wikimedia_commons/images/IE/ns6/311/File:Sliabh Liag Panorama.jpeg,6.11685
data/processed/wikimedia_commons/images/IT/ns6/1783/File:ValnonteyAugust212023 01.jpeg,6.0788665
data/processed/wikimedia_commons/images/UK/ns6/2237/File:Loch Hourn - geograph.org.uk - 1104277.jpeg,6.1216297
data/processed/wikimedia_commons/images/IE/ns6/311/File:The Cliffs of Slieve League present the rough sea waters below during a December gail in 2007 - panoramio.jpeg,6.214169
data/processed/wikimedia_commons/images/AT/ns6/291/File:Dornbirn-Blick von Suenserspitze-Suensersee-Suenseralpe-Portlahorn-Portlakopf-03.jpeg,6.0303545
data/processed/wikimedia_commons/images/FR/ns6/10807/File:Lac de Bionnassay Nid d'Aigle.jpeg,6.267879
data/processed/wikimedia_commons/images/IT/ns6/1956/File:Varenna (68166887).jpeg,6.2457466
data/processed/wikimedia_commons/images/SK/ns6/436/File:Szlak niebieski na szczyt Brestova - panoramio.jpeg,6.1097
data/processed/wikimedia_commons/images/AT/ns6/243/File:Pasterze glacier.jpeg,6.1530733
data/processed/wikimedia_commons/images/NO/ns6/939/File:Nærøyfjord - 49533789428.jpeg,6.0613956
"data/processed/wikimedia_commons/images/IT/ns6/2247/File:20180730 Weißkugel, Ötztaler Alpen (06359).jpeg",6.019001
"data/processed/wikimedia_commons/images/IE/ns6/32/File:Cliffs north of Bray Head, Valencia Island, view SW - geograph.org.uk - 449691.jpeg",6.153141
data/processed/wikimedia_commons/images/FR/ns6/11135/File:Les Contamines-Montjoie @ Mont Vorassay (50730472447).jpeg,6.015227
data/processed/wikimedia_commons/images/DE/ns6/127/File:Berchtesgaden IMG 1018.jpeg,6.349429
data/processed/wikimedia_commons/images/AT/ns6/354/File:Hüttkarseen im Hüttkar 39354 2012-06-29.jpeg,6.0996485
data/processed/wikimedia_commons/images/FR/ns6/8857/File:Isère River.jpeg,6.0205684
data/processed/wikimedia_commons/images/NO/ns6/1180/File:Nigardsbrevatnet 20-06-2015.jpeg,6.0097866
"data/processed/wikimedia_commons/images/NO/ns6/773/File:Måbødalen - Eidfjord, Norway 2021-07-24 (09).jpeg",6.074188
data/processed/wikimedia_commons/images/IT/ns6/2089/File:Lago lagorai sullo sfondo forcella del valon - panoramio.jpeg,6.0263586
data/processed/wikimedia_commons/images/FR/ns6/8483/File:Lac de la Corne and Lac de la Sagne - panoramio.jpeg,6.406779
data/processed/wikimedia_commons/images/UK/ns6/2430/File:Kearvaig beach - geograph.org.uk - 886479.jpeg,6.254614
data/processed/wikimedia_commons/images/IT/ns6/2173/File:Mangart (9783066716).jpeg,6.211384
data/processed/wikimedia_commons/images/FR/ns6/10811/File:Val Vény.jpeg,6.1227345
data/processed/wikimedia_commons/images/FR/ns6/8106/File:Lacs Robert @ Col des Trois Fontaines.jpeg,6.1094913
data/processed/wikimedia_commons/images/CH/ns6/31/File:Chamonix - Lac Blanc 6.jpeg,6.324064
data/processed/wikimedia_commons/images/CH/ns6/161/File:Scenic view near Saix Rouquin - panoramio (8).jpeg,6.1418715
data/processed/wikimedia_commons/images/IT/ns6/394/File:I-Capri-Faraglioni.jpeg,6.0137
data/processed/wikimedia_commons/images/IT/ns6/1548/File:Veduta dalla Colle del Lys 5.jpeg,6.000209
"data/processed/wikimedia_commons/images/NO/ns6/1179/File:Close view to Briksdalsbreen from lake, 2011 August.jpeg",6.4583187
data/processed/wikimedia_commons/images/IS/ns6/80/File:Kvíárjökull Panorama 01.jpeg,6.055082
data/processed/wikimedia_commons/images/CH/ns6/183/File:Alture di Mazzo - panoramio.jpeg,6.065346
data/processed/wikimedia_commons/images/FR/ns6/10657/File:Pointe de Merdassier (51388703979).jpeg,6.044147
data/processed/wikimedia_commons/images/CH/ns6/296/File:Bergüner Stöcke Furcletta.jpeg,6.0934286
"data/processed/wikimedia_commons/images/BG/ns6/56/File:Полежански циркус,Dolno Polezansko lake - panoramio.jpeg",6.1934147
data/processed/wikimedia_commons/images/IE/ns6/50/File:Dunmore Head and Blasket - geograph.org.uk - 16726.jpeg,6.021592
data/processed/wikimedia_commons/images/CH/ns6/181/File:LAGO PIROLA - panoramio (1).jpeg,6.031503
data/processed/wikimedia_commons/images/CH/ns6/502/File:Latschätzkopf vom Kreuzjoch.jpeg,6.02623
data/processed/wikimedia_commons/images/NO/ns6/1317/File:Smørskredtind1.jpeg,6.0259
data/processed/wikimedia_commons/images/FR/ns6/10163/File:Jardin du Miage.jpeg,6.1600575
data/processed/wikimedia_commons/images/UK/ns6/2335/File:Sgeir Mhor - geograph.org.uk - 466154.jpeg,6.155928
data/processed/wikimedia_commons/images/UK/ns6/47/File:Bedruthan Steps - geograph.org.uk - 562571.jpeg,6.382758
data/processed/wikimedia_commons/images/NO/ns6/2230/File:Norway 2014-07-22 (14692073059).jpeg,6.398085
data/processed/wikimedia_commons/images/FR/ns6/11310/File:Aravis (51009520556).jpeg,6.1508927
data/processed/wikimedia_commons/images/UK/ns6/1749/File:Grasmoor and Whiteless Pike - geograph.org.uk - 690555.jpeg,6.0027027
"data/processed/wikimedia_commons/images/ES/ns6/4079/File:Ganekogorta, Spain (Unsplash).jpeg",6.020545
data/processed/wikimedia_commons/images/ES/ns6/3629/File:2009-08-04 - (08x) Aigüissi.jpeg,6.0111384
"data/processed/wikimedia_commons/images/CH/ns6/69/File:Dents Blanches Occidentales , Voie normale depuis les Allamands - panoramio (80).jpeg",6.336927
data/processed/wikimedia_commons/images/FR/ns6/10657/File:Arête de la Pointe de Merdassier (51391189177).jpeg,6.2200317
data/processed/wikimedia_commons/images/NO/ns6/2183/File:Stovla 824m - panoramio.jpeg,6.0141654
data/processed/wikimedia_commons/images/CH/ns6/32/File:Petit Grépillon.jpeg,6.0034976
data/processed/wikimedia_commons/images/IT/ns6/1928/File:Mount Matterhorn (180500999).jpeg,6.384662
data/processed/wikimedia_commons/images/ES/ns6/3715/File:EtangAubeAriege3.jpeg,6.097346
data/processed/wikimedia_commons/images/UK/ns6/2314/File:Geo near Caisteal Odair - geograph.org.uk - 1350085.jpeg,6.0608644
data/processed/wikimedia_commons/images/CH/ns6/270/File:Oeschinensee Wanderung.jpeg,6.0973253
"data/processed/wikimedia_commons/images/AT/ns6/524/File:Hinterer Gosausee, Alpen - panoramio.jpeg",6.3511367
data/processed/wikimedia_commons/images/RO/ns6/536/File:Gory Fogaraskie (Fagaras Mountains) 23.jpeg,6.0115886
data/processed/wikimedia_commons/images/FR/ns6/10806/File:Glacier de Miage @ Sommet @ Le Christomet (51295610989).jpeg,6.0230517
data/processed/wikimedia_commons/images/EL/ns6/372/File:Zakynthos island in Greece (45746239274).jpeg,6.1250405
data/processed/wikimedia_commons/images/FR/ns6/5861/File:Alpes-Maritimes Saint-Etienne-De-Tinee Lacs de Vens - panoramio (1).jpeg,6.047914
data/processed/wikimedia_commons/images/BG/ns6/124/File:Злия прелез - премката между Злия зъб и Ловница - panoramio (2).jpeg,6.0711136
data/processed/wikimedia_commons/images/FR/ns6/8438/File:Plan d'Amont et Plan d'Aval - Flickr - Pierre Bn.jpeg,6.015423
data/processed/wikimedia_commons/images/IT/ns6/2192/File:SassRigais-S.jpeg,6.2917075
data/processed/wikimedia_commons/images/CZ/ns6/2952/File:Samotnia Shelter1.jpeg,6.2831984
data/processed/wikimedia_commons/images/AT/ns6/139/File:Construction site Kleiner Muehldorfer See 2022 12.jpeg,6.0305367
"data/processed/wikimedia_commons/images/FR/ns6/8438/File:Péclet-Polset, glacier de Gébroulaz.jpeg",6.107793
data/processed/wikimedia_commons/images/AT/ns6/241/File:20210902.Weißsee-Gletscherwelt.-056.jpeg,6.50395
data/processed/wikimedia_commons/images/ES/ns6/4834/File:Cala en Formentor - panoramio.jpeg,6.0146093
data/processed/wikimedia_commons/images/FR/ns6/8533/File:Lac Blanc(2429m) (3).jpeg,6.18452
data/processed/wikimedia_commons/images/FR/ns6/10939/File:Glacier de Taconnaz @ La Jonction 02.jpeg,6.2001085
data/processed/wikimedia_commons/images/PL/ns6/37/File:Veľké Hincovo pleso lake in High Tatras as seen from under Kôprovský štít - panoramio.jpeg,6.1020403
data/processed/wikimedia_commons/images/SE/ns6/2782/File:Älgön - KMB - 16000300022840.jpeg,6.0920477
data/processed/wikimedia_commons/images/UK/ns6/2363/File:Coast to Camas Mor and Gothic Window natural arch - geograph.org.uk - 216630.jpeg,6.0346727
data/processed/wikimedia_commons/images/FR/ns6/8856/File:Ruisseau du Charvet 3.jpeg,6.0861864
data/processed/wikimedia_commons/images/FR/ns6/10806/File:Col du Joly @ Mont de Vorès (51036189323).jpeg,6.0717764
data/processed/wikimedia_commons/images/CH/ns6/32/File:Val Ferret (CH) - panoramio - Rokus Cornelis (5).jpeg,6.08871
data/processed/wikimedia_commons/images/IT/ns6/2172/File:Verso la Torre Nord.jpeg,6.1364226
data/processed/wikimedia_commons/images/CH/ns6/29/File:Glacier de Talèfre et Mont-Blanc - dsdm02352.jpeg,6.6644316
