pageid,ns,title,index,coordinates,imagerepository,imageinfo,coordinates.1.lat,coordinates.1.lon,coordinates.1.primary,coordinates.1.bearing,query_lat,query_lon,radius
52529598,6,"File:Shqipni, Krorëz, 2008 - panoramio.jpg",-1,"[{'lat': 39.936189, 'lon': 19.936291, 'primary': True}]",local,"[{'thumburl': 'https://upload.wikimedia.org/wikipedia/commons/thumb/e/eb/Shqipni%2C_Kror%C3%ABz%2C_2008_-_panoramio.jpg/320px-Shqipni%2C_Kror%C3%ABz%2C_2008_-_panoramio.jpg', 'thumbwidth': 320, 'thumbheight': 213, 'responsiveUrls': {'1.5': 'https://upload.wikimedia.org/wikipedia/commons/thumb/e/eb/Shqipni%2C_Kror%C3%ABz%2C_2008_-_panoramio.jpg/480px-Shqipni%2C_Kror%C3%ABz%2C_2008_-_panoramio.jpg', '2': 'https://upload.wikimedia.org/wikipedia/commons/thumb/e/eb/Shqipni%2C_Kror%C3%ABz%2C_2008_-_panoramio.jpg/640px-Shqipni%2C_Kror%C3%ABz%2C_2008_-_panoramio.jpg'}, 'url': 'https://upload.wikimedia.org/wikipedia/commons/e/eb/Shqipni%2C_Kror%C3%ABz%2C_2008_-_panoramio.jpg', 'descriptionurl': 'https://commons.wikimedia.org/wiki/File:Shqipni,_Kror%C3%ABz,_2008_-_panoramio.jpg', 'descriptionshorturl': 'https://commons.wikimedia.org/w/index.php?curid=52529598'}]",,,,,39.91140848168171,19.87143899561571,10000
60722977,6,"File:Küstenstraße von Saranda nach Durres, Albanien - panoramio.jpg",0,"[{'lat': 39.93985, 'lon': 19.945507, 'primary': True}]",local,"[{'thumburl': 'https://upload.wikimedia.org/wikipedia/commons/thumb/7/70/K%C3%BCstenstra%C3%9Fe_von_Saranda_nach_Durres%2C_Albanien_-_panoramio.jpg/320px-K%C3%BCstenstra%C3%9Fe_von_Saranda_nach_Durres%2C_Albanien_-_panoramio.jpg', 'thumbwidth': 320, 'thumbheight': 180, 'responsiveUrls': {'1.5': 'https://upload.wikimedia.org/wikipedia/commons/thumb/7/70/K%C3%BCstenstra%C3%9Fe_von_Saranda_nach_Durres%2C_Albanien_-_panoramio.jpg/480px-K%C3%BCstenstra%C3%9Fe_von_Saranda_nach_Durres%2C_Albanien_-_panoramio.jpg', '2': 'https://upload.wikimedia.org/wikipedia/commons/thumb/7/70/K%C3%BCstenstra%C3%9Fe_von_Saranda_nach_Durres%2C_Albanien_-_panoramio.jpg/640px-K%C3%BCstenstra%C3%9Fe_von_Saranda_nach_Durres%2C_Albanien_-_panoramio.jpg'}, 'url': 'https://upload.wikimedia.org/wikipedia/commons/7/70/K%C3%BCstenstra%C3%9Fe_von_Saranda_nach_Durres%2C_Albanien_-_panoramio.jpg', 'descriptionurl': 'https://commons.wikimedia.org/wiki/File:K%C3%BCstenstra%C3%9Fe_von_Saranda_nach_Durres,_Albanien_-_panoramio.jpg', 'descriptionshorturl': 'https://commons.wikimedia.org/w/index.php?curid=60722977'}]",,,,,39.91140848168171,19.87143899561571,10000
60722982,6,File:Wie Schwalbennester thronen viele Orte hoch über der Küste Albaniens. - panoramio.jpg,1,"[{'lat': 39.993873, 'lon': 19.915037, 'primary': True}]",,,,,,,39.91140848168171,19.87143899561571,10000
72433416,6,File:2018-06-22 Aerial photograph of Corfu.jpg,2,"[{'lat': 39.860665, 'lon': 19.88023, 'primary': True}]",local,"[{'thumburl': 'https://upload.wikimedia.org/wikipedia/commons/thumb/a/af/2018-06-22_Aerial_photograph_of_Corfu.jpg/320px-2018-06-22_Aerial_photograph_of_Corfu.jpg', 'thumbwidth': 320, 'thumbheight': 202, 'responsiveUrls': {'1.5': 'https://upload.wikimedia.org/wikipedia/commons/thumb/a/af/2018-06-22_Aerial_photograph_of_Corfu.jpg/480px-2018-06-22_Aerial_photograph_of_Corfu.jpg', '2': 'https://upload.wikimedia.org/wikipedia/commons/thumb/a/af/2018-06-22_Aerial_photograph_of_Corfu.jpg/640px-2018-06-22_Aerial_photograph_of_Corfu.jpg'}, 'url': 'https://upload.wikimedia.org/wikipedia/commons/a/af/2018-06-22_Aerial_photograph_of_Corfu.jpg', 'descriptionurl': 'https://commons.wikimedia.org/wiki/File:2018-06-22_Aerial_photograph_of_Corfu.jpg', 'descriptionshorturl': 'https://commons.wikimedia.org/w/index.php?curid=72433416'}]",,,,,39.91140848168171,19.87143899561571,10000
102763333,6,File:ISS053-E-20961 - View of Earth.jpg,3,"[{'lat': 39.9, 'lon': 19.9, 'primary': True}]",local,"[{'thumburl': 'https://upload.wikimedia.org/wikipedia/commons/thumb/2/20/ISS053-E-20961_-_View_of_Earth.jpg/320px-ISS053-E-20961_-_View_of_Earth.jpg', 'thumbwidth': 320, 'thumbheight': 213, 'responsiveUrls': {'1.5': 'https://upload.wikimedia.org/wikipedia/commons/thumb/2/20/ISS053-E-20961_-_View_of_Earth.jpg/480px-ISS053-E-20961_-_View_of_Earth.jpg', '2': 'https://upload.wikimedia.org/wikipedia/commons/thumb/2/20/ISS053-E-20961_-_View_of_Earth.jpg/640px-ISS053-E-20961_-_View_of_Earth.jpg'}, 'url': 'https://upload.wikimedia.org/wikipedia/commons/2/20/ISS053-E-20961_-_View_of_Earth.jpg', 'descriptionurl': 'https://commons.wikimedia.org/wiki/File:ISS053-E-20961_-_View_of_Earth.jpg', 'descriptionshorturl': 'https://commons.wikimedia.org/w/index.php?curid=102763333'}]",,,,,39.91140848168171,19.87143899561571,10000
105954837,6,File:ISS040-E-91090 - View of Earth.jpg,4,,local,"[{'thumburl': 'https://upload.wikimedia.org/wikipedia/commons/thumb/f/f3/ISS040-E-91090_-_View_of_Earth.jpg/320px-ISS040-E-91090_-_View_of_Earth.jpg', 'thumbwidth': 320, 'thumbheight': 213, 'responsiveUrls': {'1.5': 'https://upload.wikimedia.org/wikipedia/commons/thumb/f/f3/ISS040-E-91090_-_View_of_Earth.jpg/480px-ISS040-E-91090_-_View_of_Earth.jpg', '2': 'https://upload.wikimedia.org/wikipedia/commons/thumb/f/f3/ISS040-E-91090_-_View_of_Earth.jpg/640px-ISS040-E-91090_-_View_of_Earth.jpg'}, 'url': 'https://upload.wikimedia.org/wikipedia/commons/f/f3/ISS040-E-91090_-_View_of_Earth.jpg', 'descriptionurl': 'https://commons.wikimedia.org/wiki/File:ISS040-E-91090_-_View_of_Earth.jpg', 'descriptionshorturl': 'https://commons.wikimedia.org/w/index.php?curid=105954837'}]",39.9,19.8,False,340.0,39.91140848168171,19.87143899561571,10000
119868987,6,File:ISS065-E-93880 - View of Earth.jpg,5,"[{'lat': 39.9, 'lon': 19.8, 'primary': True}]",local,"[{'thumburl': 'https://upload.wikimedia.org/wikipedia/commons/thumb/4/4f/ISS065-E-93880_-_View_of_Earth.jpg/320px-ISS065-E-93880_-_View_of_Earth.jpg', 'thumbwidth': 320, 'thumbheight': 213, 'responsiveUrls': {'1.5': 'https://upload.wikimedia.org/wikipedia/commons/thumb/4/4f/ISS065-E-93880_-_View_of_Earth.jpg/480px-ISS065-E-93880_-_View_of_Earth.jpg', '2': 'https://upload.wikimedia.org/wikipedia/commons/thumb/4/4f/ISS065-E-93880_-_View_of_Earth.jpg/639px-ISS065-E-93880_-_View_of_Earth.jpg'}, 'url': 'https://upload.wikimedia.org/wikipedia/commons/4/4f/ISS065-E-93880_-_View_of_Earth.jpg', 'descriptionurl': 'https://commons.wikimedia.org/wiki/File:ISS065-E-93880_-_View_of_Earth.jpg', 'descriptionshorturl': 'https://commons.wikimedia.org/w/index.php?curid=119868987'}]",,,,,39.91140848168171,19.87143899561571,10000
123399845,6,"File:St. Mary's Monastery, Kakome 01.jpg",6,"[{'lat': 39.931, 'lon': 19.9499, 'primary': True}]",local,"[{'thumburl': 'https://upload.wikimedia.org/wikipedia/commons/thumb/c/c7/St._Mary%27s_Monastery%2C_Kakome_01.jpg/320px-St._Mary%27s_Monastery%2C_Kakome_01.jpg', 'thumbwidth': 320, 'thumbheight': 180, 'responsiveUrls': {'1.5': 'https://upload.wikimedia.org/wikipedia/commons/thumb/c/c7/St._Mary%27s_Monastery%2C_Kakome_01.jpg/480px-St._Mary%27s_Monastery%2C_Kakome_01.jpg', '2': 'https://upload.wikimedia.org/wikipedia/commons/thumb/c/c7/St._Mary%27s_Monastery%2C_Kakome_01.jpg/640px-St._Mary%27s_Monastery%2C_Kakome_01.jpg'}, 'url': 'https://upload.wikimedia.org/wikipedia/commons/c/c7/St._Mary%27s_Monastery%2C_Kakome_01.jpg', 'descriptionurl': 'https://commons.wikimedia.org/wiki/File:St._Mary%27s_Monastery,_Kakome_01.jpg', 'descriptionshorturl': 'https://commons.wikimedia.org/w/index.php?curid=123399845'}]",,,,,39.91140848168171,19.87143899561571,10000
123399846,6,"File:St. Mary's Monastery, Kakome 03.jpg",7,"[{'lat': 39.931, 'lon': 19.9499, 'primary': True}]",local,"[{'thumburl': 'https://upload.wikimedia.org/wikipedia/commons/thumb/0/03/St._Mary%27s_Monastery%2C_Kakome_03.jpg/320px-St._Mary%27s_Monastery%2C_Kakome_03.jpg', 'thumbwidth': 320, 'thumbheight': 180, 'responsiveUrls': {'1.5': 'https://upload.wikimedia.org/wikipedia/commons/thumb/0/03/St._Mary%27s_Monastery%2C_Kakome_03.jpg/480px-St._Mary%27s_Monastery%2C_Kakome_03.jpg', '2': 'https://upload.wikimedia.org/wikipedia/commons/thumb/0/03/St._Mary%27s_Monastery%2C_Kakome_03.jpg/640px-St._Mary%27s_Monastery%2C_Kakome_03.jpg'}, 'url': 'https://upload.wikimedia.org/wikipedia/commons/0/03/St._Mary%27s_Monastery%2C_Kakome_03.jpg', 'descriptionurl': 'https://commons.wikimedia.org/wiki/File:St._Mary%27s_Monastery,_Kakome_03.jpg', 'descriptionshorturl': 'https://commons.wikimedia.org/w/index.php?curid=123399846'}]",,,,,39.91140848168171,19.87143899561571,10000
123399847,6,"File:St. Mary's Monastery, Kakome 02.jpg",8,"[{'lat': 39.931, 'lon': 19.9499, 'primary': True}]",local,"[{'thumburl': 'https://upload.wikimedia.org/wikipedia/commons/thumb/a/a5/St._Mary%27s_Monastery%2C_Kakome_02.jpg/320px-St._Mary%27s_Monastery%2C_Kakome_02.jpg', 'thumbwidth': 320, 'thumbheight': 569, 'responsiveUrls': {'1.5': 'https://upload.wikimedia.org/wikipedia/commons/thumb/a/a5/St._Mary%27s_Monastery%2C_Kakome_02.jpg/480px-St._Mary%27s_Monastery%2C_Kakome_02.jpg', '2': 'https://upload.wikimedia.org/wikipedia/commons/thumb/a/a5/St._Mary%27s_Monastery%2C_Kakome_02.jpg/640px-St._Mary%27s_Monastery%2C_Kakome_02.jpg'}, 'url': 'https://upload.wikimedia.org/wikipedia/commons/a/a5/St._Mary%27s_Monastery%2C_Kakome_02.jpg', 'descriptionurl': 'https://commons.wikimedia.org/wiki/File:St._Mary%27s_Monastery,_Kakome_02.jpg', 'descriptionshorturl': 'https://commons.wikimedia.org/w/index.php?curid=123399847'}]",,,,,39.91140848168171,19.87143899561571,10000
123399857,6,"File:St. Mary's Monastery, Kakome 05.jpg",9,"[{'lat': 39.931, 'lon': 19.9499, 'primary': True}]",local,"[{'thumburl': 'https://upload.wikimedia.org/wikipedia/commons/thumb/8/86/St._Mary%27s_Monastery%2C_Kakome_05.jpg/320px-St._Mary%27s_Monastery%2C_Kakome_05.jpg', 'thumbwidth': 320, 'thumbheight': 392, 'responsiveUrls': {'1.5': 'https://upload.wikimedia.org/wikipedia/commons/thumb/8/86/St._Mary%27s_Monastery%2C_Kakome_05.jpg/480px-St._Mary%27s_Monastery%2C_Kakome_05.jpg', '2': 'https://upload.wikimedia.org/wikipedia/commons/thumb/8/86/St._Mary%27s_Monastery%2C_Kakome_05.jpg/640px-St._Mary%27s_Monastery%2C_Kakome_05.jpg'}, 'url': 'https://upload.wikimedia.org/wikipedia/commons/8/86/St._Mary%27s_Monastery%2C_Kakome_05.jpg', 'descriptionurl': 'https://commons.wikimedia.org/wiki/File:St._Mary%27s_Monastery,_Kakome_05.jpg', 'descriptionshorturl': 'https://commons.wikimedia.org/w/index.php?curid=123399857'}]",,,,,39.91140848168171,19.87143899561571,10000
123399858,6,"File:St. Mary's Monastery, Kakome 04.jpg",10,"[{'lat': 39.931, 'lon': 19.9499, 'primary': True}]",local,"[{'thumburl': 'https://upload.wikimedia.org/wikipedia/commons/thumb/f/fb/St._Mary%27s_Monastery%2C_Kakome_04.jpg/320px-St._Mary%27s_Monastery%2C_Kakome_04.jpg', 'thumbwidth': 320, 'thumbheight': 180, 'responsiveUrls': {'1.5': 'https://upload.wikimedia.org/wikipedia/commons/thumb/f/fb/St._Mary%27s_Monastery%2C_Kakome_04.jpg/480px-St._Mary%27s_Monastery%2C_Kakome_04.jpg', '2': 'https://upload.wikimedia.org/wikipedia/commons/thumb/f/fb/St._Mary%27s_Monastery%2C_Kakome_04.jpg/640px-St._Mary%27s_Monastery%2C_Kakome_04.jpg'}, 'url': 'https://upload.wikimedia.org/wikipedia/commons/f/fb/St._Mary%27s_Monastery%2C_Kakome_04.jpg', 'descriptionurl': 'https://commons.wikimedia.org/wiki/File:St._Mary%27s_Monastery,_Kakome_04.jpg', 'descriptionshorturl': 'https://commons.wikimedia.org/w/index.php?curid=123399858'}]",,,,,39.91140848168171,19.87143899561571,10000
123399863,6,"File:St. Mary's Monastery, Kakome 06.jpg",11,"[{'lat': 39.931, 'lon': 19.9499, 'primary': True}]",local,"[{'thumburl': 'https://upload.wikimedia.org/wikipedia/commons/thumb/2/22/St._Mary%27s_Monastery%2C_Kakome_06.jpg/320px-St._Mary%27s_Monastery%2C_Kakome_06.jpg', 'thumbwidth': 320, 'thumbheight': 180, 'responsiveUrls': {'1.5': 'https://upload.wikimedia.org/wikipedia/commons/thumb/2/22/St._Mary%27s_Monastery%2C_Kakome_06.jpg/480px-St._Mary%27s_Monastery%2C_Kakome_06.jpg', '2': 'https://upload.wikimedia.org/wikipedia/commons/thumb/2/22/St._Mary%27s_Monastery%2C_Kakome_06.jpg/640px-St._Mary%27s_Monastery%2C_Kakome_06.jpg'}, 'url': 'https://upload.wikimedia.org/wikipedia/commons/2/22/St._Mary%27s_Monastery%2C_Kakome_06.jpg', 'descriptionurl': 'https://commons.wikimedia.org/wiki/File:St._Mary%27s_Monastery,_Kakome_06.jpg', 'descriptionshorturl': 'https://commons.wikimedia.org/w/index.php?curid=123399863'}]",,,,,39.91140848168171,19.87143899561571,10000
123399879,6,"File:St. Mary's Monastery, Kakome 08.jpg",12,"[{'lat': 39.931, 'lon': 19.9499, 'primary': True}]",local,"[{'thumburl': 'https://upload.wikimedia.org/wikipedia/commons/thumb/c/c3/St._Mary%27s_Monastery%2C_Kakome_08.jpg/320px-St._Mary%27s_Monastery%2C_Kakome_08.jpg', 'thumbwidth': 320, 'thumbheight': 180, 'responsiveUrls': {'1.5': 'https://upload.wikimedia.org/wikipedia/commons/thumb/c/c3/St._Mary%27s_Monastery%2C_Kakome_08.jpg/480px-St._Mary%27s_Monastery%2C_Kakome_08.jpg', '2': 'https://upload.wikimedia.org/wikipedia/commons/thumb/c/c3/St._Mary%27s_Monastery%2C_Kakome_08.jpg/640px-St._Mary%27s_Monastery%2C_Kakome_08.jpg'}, 'url': 'https://upload.wikimedia.org/wikipedia/commons/c/c3/St._Mary%27s_Monastery%2C_Kakome_08.jpg', 'descriptionurl': 'https://commons.wikimedia.org/wiki/File:St._Mary%27s_Monastery,_Kakome_08.jpg', 'descriptionshorturl': 'https://commons.wikimedia.org/w/index.php?curid=123399879'}]",,,,,39.91140848168171,19.87143899561571,10000
123399880,6,"File:St. Mary's Monastery, Kakome 07.jpg",13,"[{'lat': 39.931, 'lon': 19.9499, 'primary': True}]",local,"[{'thumburl': 'https://upload.wikimedia.org/wikipedia/commons/thumb/5/52/St._Mary%27s_Monastery%2C_Kakome_07.jpg/320px-St._Mary%27s_Monastery%2C_Kakome_07.jpg', 'thumbwidth': 320, 'thumbheight': 180, 'responsiveUrls': {'1.5': 'https://upload.wikimedia.org/wikipedia/commons/thumb/5/52/St._Mary%27s_Monastery%2C_Kakome_07.jpg/480px-St._Mary%27s_Monastery%2C_Kakome_07.jpg', '2': 'https://upload.wikimedia.org/wikipedia/commons/thumb/5/52/St._Mary%27s_Monastery%2C_Kakome_07.jpg/640px-St._Mary%27s_Monastery%2C_Kakome_07.jpg'}, 'url': 'https://upload.wikimedia.org/wikipedia/commons/5/52/St._Mary%27s_Monastery%2C_Kakome_07.jpg', 'descriptionurl': 'https://commons.wikimedia.org/wiki/File:St._Mary%27s_Monastery,_Kakome_07.jpg', 'descriptionshorturl': 'https://commons.wikimedia.org/w/index.php?curid=123399880'}]",,,,,39.91140848168171,19.87143899561571,10000
123399883,6,"File:St. Mary's Monastery, Kakome 09.jpg",14,"[{'lat': 39.931, 'lon': 19.9499, 'primary': True}]",local,"[{'thumburl': 'https://upload.wikimedia.org/wikipedia/commons/thumb/4/42/St._Mary%27s_Monastery%2C_Kakome_09.jpg/320px-St._Mary%27s_Monastery%2C_Kakome_09.jpg', 'thumbwidth': 320, 'thumbheight': 569, 'responsiveUrls': {'1.5': 'https://upload.wikimedia.org/wikipedia/commons/thumb/4/42/St._Mary%27s_Monastery%2C_Kakome_09.jpg/480px-St._Mary%27s_Monastery%2C_Kakome_09.jpg', '2': 'https://upload.wikimedia.org/wikipedia/commons/thumb/4/42/St._Mary%27s_Monastery%2C_Kakome_09.jpg/640px-St._Mary%27s_Monastery%2C_Kakome_09.jpg'}, 'url': 'https://upload.wikimedia.org/wikipedia/commons/4/42/St._Mary%27s_Monastery%2C_Kakome_09.jpg', 'descriptionurl': 'https://commons.wikimedia.org/wiki/File:St._Mary%27s_Monastery,_Kakome_09.jpg', 'descriptionshorturl': 'https://commons.wikimedia.org/w/index.php?curid=123399883'}]",,,,,39.91140848168171,19.87143899561571,10000
123399894,6,"File:St. Mary's Monastery, Kakome 11.jpg",15,"[{'lat': 39.931, 'lon': 19.9499, 'primary': True}]",local,"[{'thumburl': 'https://upload.wikimedia.org/wikipedia/commons/thumb/a/ac/St._Mary%27s_Monastery%2C_Kakome_11.jpg/320px-St._Mary%27s_Monastery%2C_Kakome_11.jpg', 'thumbwidth': 320, 'thumbheight': 180, 'responsiveUrls': {'1.5': 'https://upload.wikimedia.org/wikipedia/commons/thumb/a/ac/St._Mary%27s_Monastery%2C_Kakome_11.jpg/480px-St._Mary%27s_Monastery%2C_Kakome_11.jpg', '2': 'https://upload.wikimedia.org/wikipedia/commons/thumb/a/ac/St._Mary%27s_Monastery%2C_Kakome_11.jpg/640px-St._Mary%27s_Monastery%2C_Kakome_11.jpg'}, 'url': 'https://upload.wikimedia.org/wikipedia/commons/a/ac/St._Mary%27s_Monastery%2C_Kakome_11.jpg', 'descriptionurl': 'https://commons.wikimedia.org/wiki/File:St._Mary%27s_Monastery,_Kakome_11.jpg', 'descriptionshorturl': 'https://commons.wikimedia.org/w/index.php?curid=123399894'}]",,,,,39.91140848168171,19.87143899561571,10000
123399895,6,"File:St. Mary's Monastery, Kakome 10.jpg",16,"[{'lat': 39.931, 'lon': 19.9499, 'primary': True}]",local,"[{'thumburl': 'https://upload.wikimedia.org/wikipedia/commons/thumb/6/6b/St._Mary%27s_Monastery%2C_Kakome_10.jpg/320px-St._Mary%27s_Monastery%2C_Kakome_10.jpg', 'thumbwidth': 320, 'thumbheight': 569, 'responsiveUrls': {'1.5': 'https://upload.wikimedia.org/wikipedia/commons/thumb/6/6b/St._Mary%27s_Monastery%2C_Kakome_10.jpg/480px-St._Mary%27s_Monastery%2C_Kakome_10.jpg', '2': 'https://upload.wikimedia.org/wikipedia/commons/thumb/6/6b/St._Mary%27s_Monastery%2C_Kakome_10.jpg/640px-St._Mary%27s_Monastery%2C_Kakome_10.jpg'}, 'url': 'https://upload.wikimedia.org/wikipedia/commons/6/6b/St._Mary%27s_Monastery%2C_Kakome_10.jpg', 'descriptionurl': 'https://commons.wikimedia.org/wiki/File:St._Mary%27s_Monastery,_Kakome_10.jpg', 'descriptionshorturl': 'https://commons.wikimedia.org/w/index.php?curid=123399895'}]",,,,,39.91140848168171,19.87143899561571,10000
123399898,6,"File:St. Mary's Monastery, Kakome 12.jpg",17,"[{'lat': 39.931, 'lon': 19.9499, 'primary': True}]",local,"[{'thumburl': 'https://upload.wikimedia.org/wikipedia/commons/thumb/d/d9/St._Mary%27s_Monastery%2C_Kakome_12.jpg/320px-St._Mary%27s_Monastery%2C_Kakome_12.jpg', 'thumbwidth': 320, 'thumbheight': 445, 'responsiveUrls': {'1.5': 'https://upload.wikimedia.org/wikipedia/commons/thumb/d/d9/St._Mary%27s_Monastery%2C_Kakome_12.jpg/480px-St._Mary%27s_Monastery%2C_Kakome_12.jpg', '2': 'https://upload.wikimedia.org/wikipedia/commons/thumb/d/d9/St._Mary%27s_Monastery%2C_Kakome_12.jpg/640px-St._Mary%27s_Monastery%2C_Kakome_12.jpg'}, 'url': 'https://upload.wikimedia.org/wikipedia/commons/d/d9/St._Mary%27s_Monastery%2C_Kakome_12.jpg', 'descriptionurl': 'https://commons.wikimedia.org/wiki/File:St._Mary%27s_Monastery,_Kakome_12.jpg', 'descriptionshorturl': 'https://commons.wikimedia.org/w/index.php?curid=123399898'}]",,,,,39.91140848168171,19.87143899561571,10000
123399911,6,"File:St. Mary's Monastery, Kakome 13.jpg",18,"[{'lat': 39.931, 'lon': 19.9499, 'primary': True}]",local,"[{'thumburl': 'https://upload.wikimedia.org/wikipedia/commons/thumb/d/dd/St._Mary%27s_Monastery%2C_Kakome_13.jpg/320px-St._Mary%27s_Monastery%2C_Kakome_13.jpg', 'thumbwidth': 320, 'thumbheight': 569, 'responsiveUrls': {'1.5': 'https://upload.wikimedia.org/wikipedia/commons/thumb/d/dd/St._Mary%27s_Monastery%2C_Kakome_13.jpg/480px-St._Mary%27s_Monastery%2C_Kakome_13.jpg', '2': 'https://upload.wikimedia.org/wikipedia/commons/thumb/d/dd/St._Mary%27s_Monastery%2C_Kakome_13.jpg/640px-St._Mary%27s_Monastery%2C_Kakome_13.jpg'}, 'url': 'https://upload.wikimedia.org/wikipedia/commons/d/dd/St._Mary%27s_Monastery%2C_Kakome_13.jpg', 'descriptionurl': 'https://commons.wikimedia.org/wiki/File:St._Mary%27s_Monastery,_Kakome_13.jpg', 'descriptionshorturl': 'https://commons.wikimedia.org/w/index.php?curid=123399911'}]",,,,,39.91140848168171,19.87143899561571,10000
123399915,6,"File:St. Mary's Monastery, Kakome 15.jpg",19,"[{'lat': 39.931, 'lon': 19.9499, 'primary': True}]",local,"[{'thumburl': 'https://upload.wikimedia.org/wikipedia/commons/thumb/c/ca/St._Mary%27s_Monastery%2C_Kakome_15.jpg/320px-St._Mary%27s_Monastery%2C_Kakome_15.jpg', 'thumbwidth': 320, 'thumbheight': 180, 'responsiveUrls': {'1.5': 'https://upload.wikimedia.org/wikipedia/commons/thumb/c/ca/St._Mary%27s_Monastery%2C_Kakome_15.jpg/480px-St._Mary%27s_Monastery%2C_Kakome_15.jpg', '2': 'https://upload.wikimedia.org/wikipedia/commons/thumb/c/ca/St._Mary%27s_Monastery%2C_Kakome_15.jpg/640px-St._Mary%27s_Monastery%2C_Kakome_15.jpg'}, 'url': 'https://upload.wikimedia.org/wikipedia/commons/c/ca/St._Mary%27s_Monastery%2C_Kakome_15.jpg', 'descriptionurl': 'https://commons.wikimedia.org/wiki/File:St._Mary%27s_Monastery,_Kakome_15.jpg', 'descriptionshorturl': 'https://commons.wikimedia.org/w/index.php?curid=123399915'}]",,,,,39.91140848168171,19.87143899561571,10000
123399919,6,"File:St. Mary's Monastery, Kakome 17.jpg",20,"[{'lat': 39.931, 'lon': 19.9499, 'primary': True}]",,,,,,,39.91140848168171,19.87143899561571,10000
123399920,6,"File:St. Mary's Monastery, Kakome 16.jpg",21,"[{'lat': 39.931, 'lon': 19.9499, 'primary': True}]",,,,,,,39.91140848168171,19.87143899561571,10000
123399925,6,"File:St. Mary's Monastery, Kakome 14.jpg",22,"[{'lat': 39.931, 'lon': 19.9499, 'primary': True}]",local,"[{'thumburl': 'https://upload.wikimedia.org/wikipedia/commons/thumb/8/81/St._Mary%27s_Monastery%2C_Kakome_14.jpg/320px-St._Mary%27s_Monastery%2C_Kakome_14.jpg', 'thumbwidth': 320, 'thumbheight': 180, 'responsiveUrls': {'1.5': 'https://upload.wikimedia.org/wikipedia/commons/thumb/8/81/St._Mary%27s_Monastery%2C_Kakome_14.jpg/480px-St._Mary%27s_Monastery%2C_Kakome_14.jpg', '2': 'https://upload.wikimedia.org/wikipedia/commons/thumb/8/81/St._Mary%27s_Monastery%2C_Kakome_14.jpg/640px-St._Mary%27s_Monastery%2C_Kakome_14.jpg'}, 'url': 'https://upload.wikimedia.org/wikipedia/commons/8/81/St._Mary%27s_Monastery%2C_Kakome_14.jpg', 'descriptionurl': 'https://commons.wikimedia.org/wiki/File:St._Mary%27s_Monastery,_Kakome_14.jpg', 'descriptionshorturl': 'https://commons.wikimedia.org/w/index.php?curid=123399925'}]",,,,,39.91140848168171,19.87143899561571,10000
123399926,6,"File:St. Mary's Monastery, Kakome 18.jpg",23,"[{'lat': 39.931, 'lon': 19.9499, 'primary': True}]",,,,,,,39.91140848168171,19.87143899561571,10000
123399927,6,"File:St. Mary's Monastery, Kakome 19.jpg",24,"[{'lat': 39.931, 'lon': 19.9499, 'primary': True}]",,,,,,,39.91140848168171,19.87143899561571,10000
123399941,6,"File:St. Mary's Monastery, Kakome 20.jpg",25,"[{'lat': 39.931, 'lon': 19.9499, 'primary': True}]",,,,,,,39.91140848168171,19.87143899561571,10000
123400622,6,"File:St. Mary's Monastery, Kakome (b) 02.jpg",26,"[{'lat': 39.931347, 'lon': 19.949874, 'primary': True}]",local,"[{'thumburl': 'https://upload.wikimedia.org/wikipedia/commons/thumb/3/3a/St._Mary%27s_Monastery%2C_Kakome_%28b%29_02.jpg/320px-St._Mary%27s_Monastery%2C_Kakome_%28b%29_02.jpg', 'thumbwidth': 320, 'thumbheight': 569, 'responsiveUrls': {'1.5': 'https://upload.wikimedia.org/wikipedia/commons/thumb/3/3a/St._Mary%27s_Monastery%2C_Kakome_%28b%29_02.jpg/480px-St._Mary%27s_Monastery%2C_Kakome_%28b%29_02.jpg', '2': 'https://upload.wikimedia.org/wikipedia/commons/thumb/3/3a/St._Mary%27s_Monastery%2C_Kakome_%28b%29_02.jpg/640px-St._Mary%27s_Monastery%2C_Kakome_%28b%29_02.jpg'}, 'url': 'https://upload.wikimedia.org/wikipedia/commons/3/3a/St._Mary%27s_Monastery%2C_Kakome_%28b%29_02.jpg', 'descriptionurl': 'https://commons.wikimedia.org/wiki/File:St._Mary%27s_Monastery,_Kakome_(b)_02.jpg', 'descriptionshorturl': 'https://commons.wikimedia.org/w/index.php?curid=123400622'}]",,,,,39.91140848168171,19.87143899561571,10000
123400623,6,"File:St. Mary's Monastery, Kakome (b) 01.jpg",27,"[{'lat': 39.931257, 'lon': 19.949796, 'primary': True}]",local,"[{'thumburl': 'https://upload.wikimedia.org/wikipedia/commons/thumb/3/30/St._Mary%27s_Monastery%2C_Kakome_%28b%29_01.jpg/320px-St._Mary%27s_Monastery%2C_Kakome_%28b%29_01.jpg', 'thumbwidth': 320, 'thumbheight': 180, 'responsiveUrls': {'1.5': 'https://upload.wikimedia.org/wikipedia/commons/thumb/3/30/St._Mary%27s_Monastery%2C_Kakome_%28b%29_01.jpg/480px-St._Mary%27s_Monastery%2C_Kakome_%28b%29_01.jpg', '2': 'https://upload.wikimedia.org/wikipedia/commons/thumb/3/30/St._Mary%27s_Monastery%2C_Kakome_%28b%29_01.jpg/640px-St._Mary%27s_Monastery%2C_Kakome_%28b%29_01.jpg'}, 'url': 'https://upload.wikimedia.org/wikipedia/commons/3/30/St._Mary%27s_Monastery%2C_Kakome_%28b%29_01.jpg', 'descriptionurl': 'https://commons.wikimedia.org/wiki/File:St._Mary%27s_Monastery,_Kakome_(b)_01.jpg', 'descriptionshorturl': 'https://commons.wikimedia.org/w/index.php?curid=123400623'}]",,,,,39.91140848168171,19.87143899561571,10000
123400624,6,"File:St. Mary's Monastery, Kakome (b) 03.jpg",28,"[{'lat': 39.931282, 'lon': 19.949882, 'primary': True}]",local,"[{'thumburl': 'https://upload.wikimedia.org/wikipedia/commons/thumb/6/6b/St._Mary%27s_Monastery%2C_Kakome_%28b%29_03.jpg/320px-St._Mary%27s_Monastery%2C_Kakome_%28b%29_03.jpg', 'thumbwidth': 320, 'thumbheight': 569, 'responsiveUrls': {'1.5': 'https://upload.wikimedia.org/wikipedia/commons/thumb/6/6b/St._Mary%27s_Monastery%2C_Kakome_%28b%29_03.jpg/480px-St._Mary%27s_Monastery%2C_Kakome_%28b%29_03.jpg', '2': 'https://upload.wikimedia.org/wikipedia/commons/thumb/6/6b/St._Mary%27s_Monastery%2C_Kakome_%28b%29_03.jpg/640px-St._Mary%27s_Monastery%2C_Kakome_%28b%29_03.jpg'}, 'url': 'https://upload.wikimedia.org/wikipedia/commons/6/6b/St._Mary%27s_Monastery%2C_Kakome_%28b%29_03.jpg', 'descriptionurl': 'https://commons.wikimedia.org/wiki/File:St._Mary%27s_Monastery,_Kakome_(b)_03.jpg', 'descriptionshorturl': 'https://commons.wikimedia.org/w/index.php?curid=123400624'}]",,,,,39.91140848168171,19.87143899561571,10000
123400656,6,"File:St. Mary's Monastery, Kakome (b) 04.jpg",29,"[{'lat': 39.931292, 'lon': 19.949877, 'primary': True}]",local,"[{'thumburl': 'https://upload.wikimedia.org/wikipedia/commons/thumb/a/ac/St._Mary%27s_Monastery%2C_Kakome_%28b%29_04.jpg/320px-St._Mary%27s_Monastery%2C_Kakome_%28b%29_04.jpg', 'thumbwidth': 320, 'thumbheight': 569, 'responsiveUrls': {'1.5': 'https://upload.wikimedia.org/wikipedia/commons/thumb/a/ac/St._Mary%27s_Monastery%2C_Kakome_%28b%29_04.jpg/480px-St._Mary%27s_Monastery%2C_Kakome_%28b%29_04.jpg', '2': 'https://upload.wikimedia.org/wikipedia/commons/thumb/a/ac/St._Mary%27s_Monastery%2C_Kakome_%28b%29_04.jpg/640px-St._Mary%27s_Monastery%2C_Kakome_%28b%29_04.jpg'}, 'url': 'https://upload.wikimedia.org/wikipedia/commons/a/ac/St._Mary%27s_Monastery%2C_Kakome_%28b%29_04.jpg', 'descriptionurl': 'https://commons.wikimedia.org/wiki/File:St._Mary%27s_Monastery,_Kakome_(b)_04.jpg', 'descriptionshorturl': 'https://commons.wikimedia.org/w/index.php?curid=123400656'}]",,,,,39.91140848168171,19.87143899561571,10000
123400657,6,"File:St. Mary's Monastery, Kakome (b) 05.jpg",30,"[{'lat': 39.93131, 'lon': 19.949809, 'primary': True}]",local,"[{'thumburl': 'https://upload.wikimedia.org/wikipedia/commons/thumb/5/56/St._Mary%27s_Monastery%2C_Kakome_%28b%29_05.jpg/320px-St._Mary%27s_Monastery%2C_Kakome_%28b%29_05.jpg', 'thumbwidth': 320, 'thumbheight': 180, 'responsiveUrls': {'1.5': 'https://upload.wikimedia.org/wikipedia/commons/thumb/5/56/St._Mary%27s_Monastery%2C_Kakome_%28b%29_05.jpg/480px-St._Mary%27s_Monastery%2C_Kakome_%28b%29_05.jpg', '2': 'https://upload.wikimedia.org/wikipedia/commons/thumb/5/56/St._Mary%27s_Monastery%2C_Kakome_%28b%29_05.jpg/640px-St._Mary%27s_Monastery%2C_Kakome_%28b%29_05.jpg'}, 'url': 'https://upload.wikimedia.org/wikipedia/commons/5/56/St._Mary%27s_Monastery%2C_Kakome_%28b%29_05.jpg', 'descriptionurl': 'https://commons.wikimedia.org/wiki/File:St._Mary%27s_Monastery,_Kakome_(b)_05.jpg', 'descriptionshorturl': 'https://commons.wikimedia.org/w/index.php?curid=123400657'}]",,,,,39.91140848168171,19.87143899561571,10000
123400658,6,"File:St. Mary's Monastery, Kakome (b) 06.jpg",31,"[{'lat': 39.931284, 'lon': 19.949895, 'primary': True}]",local,"[{'thumburl': 'https://upload.wikimedia.org/wikipedia/commons/thumb/7/70/St._Mary%27s_Monastery%2C_Kakome_%28b%29_06.jpg/320px-St._Mary%27s_Monastery%2C_Kakome_%28b%29_06.jpg', 'thumbwidth': 320, 'thumbheight': 569, 'responsiveUrls': {'1.5': 'https://upload.wikimedia.org/wikipedia/commons/thumb/7/70/St._Mary%27s_Monastery%2C_Kakome_%28b%29_06.jpg/480px-St._Mary%27s_Monastery%2C_Kakome_%28b%29_06.jpg', '2': 'https://upload.wikimedia.org/wikipedia/commons/thumb/7/70/St._Mary%27s_Monastery%2C_Kakome_%28b%29_06.jpg/640px-St._Mary%27s_Monastery%2C_Kakome_%28b%29_06.jpg'}, 'url': 'https://upload.wikimedia.org/wikipedia/commons/7/70/St._Mary%27s_Monastery%2C_Kakome_%28b%29_06.jpg', 'descriptionurl': 'https://commons.wikimedia.org/wiki/File:St._Mary%27s_Monastery,_Kakome_(b)_06.jpg', 'descriptionshorturl': 'https://commons.wikimedia.org/w/index.php?curid=123400658'}]",,,,,39.91140848168171,19.87143899561571,10000
123400665,6,"File:St. Mary's Monastery, Kakome (b) 07.jpg",32,"[{'lat': 39.931173, 'lon': 19.94994, 'primary': True}]",local,"[{'thumburl': 'https://upload.wikimedia.org/wikipedia/commons/thumb/1/1a/St._Mary%27s_Monastery%2C_Kakome_%28b%29_07.jpg/320px-St._Mary%27s_Monastery%2C_Kakome_%28b%29_07.jpg', 'thumbwidth': 320, 'thumbheight': 180, 'responsiveUrls': {'1.5': 'https://upload.wikimedia.org/wikipedia/commons/thumb/1/1a/St._Mary%27s_Monastery%2C_Kakome_%28b%29_07.jpg/480px-St._Mary%27s_Monastery%2C_Kakome_%28b%29_07.jpg', '2': 'https://upload.wikimedia.org/wikipedia/commons/thumb/1/1a/St._Mary%27s_Monastery%2C_Kakome_%28b%29_07.jpg/640px-St._Mary%27s_Monastery%2C_Kakome_%28b%29_07.jpg'}, 'url': 'https://upload.wikimedia.org/wikipedia/commons/1/1a/St._Mary%27s_Monastery%2C_Kakome_%28b%29_07.jpg', 'descriptionurl': 'https://commons.wikimedia.org/wiki/File:St._Mary%27s_Monastery,_Kakome_(b)_07.jpg', 'descriptionshorturl': 'https://commons.wikimedia.org/w/index.php?curid=123400665'}]",,,,,39.91140848168171,19.87143899561571,10000
123400674,6,"File:St. Mary's Monastery, Kakome (b) 08.jpg",33,"[{'lat': 39.93115, 'lon': 19.950023, 'primary': True}]",local,"[{'thumburl': 'https://upload.wikimedia.org/wikipedia/commons/thumb/1/19/St._Mary%27s_Monastery%2C_Kakome_%28b%29_08.jpg/320px-St._Mary%27s_Monastery%2C_Kakome_%28b%29_08.jpg', 'thumbwidth': 320, 'thumbheight': 180, 'responsiveUrls': {'1.5': 'https://upload.wikimedia.org/wikipedia/commons/thumb/1/19/St._Mary%27s_Monastery%2C_Kakome_%28b%29_08.jpg/480px-St._Mary%27s_Monastery%2C_Kakome_%28b%29_08.jpg', '2': 'https://upload.wikimedia.org/wikipedia/commons/thumb/1/19/St._Mary%27s_Monastery%2C_Kakome_%28b%29_08.jpg/640px-St._Mary%27s_Monastery%2C_Kakome_%28b%29_08.jpg'}, 'url': 'https://upload.wikimedia.org/wikipedia/commons/1/19/St._Mary%27s_Monastery%2C_Kakome_%28b%29_08.jpg', 'descriptionurl': 'https://commons.wikimedia.org/wiki/File:St._Mary%27s_Monastery,_Kakome_(b)_08.jpg', 'descriptionshorturl': 'https://commons.wikimedia.org/w/index.php?curid=123400674'}]",,,,,39.91140848168171,19.87143899561571,10000
123400675,6,"File:St. Mary's Monastery, Kakome (b) 09.jpg",34,"[{'lat': 39.931143, 'lon': 19.949807, 'primary': True}]",local,"[{'thumburl': 'https://upload.wikimedia.org/wikipedia/commons/thumb/9/9d/St._Mary%27s_Monastery%2C_Kakome_%28b%29_09.jpg/320px-St._Mary%27s_Monastery%2C_Kakome_%28b%29_09.jpg', 'thumbwidth': 320, 'thumbheight': 180, 'responsiveUrls': {'1.5': 'https://upload.wikimedia.org/wikipedia/commons/thumb/9/9d/St._Mary%27s_Monastery%2C_Kakome_%28b%29_09.jpg/480px-St._Mary%27s_Monastery%2C_Kakome_%28b%29_09.jpg', '2': 'https://upload.wikimedia.org/wikipedia/commons/thumb/9/9d/St._Mary%27s_Monastery%2C_Kakome_%28b%29_09.jpg/640px-St._Mary%27s_Monastery%2C_Kakome_%28b%29_09.jpg'}, 'url': 'https://upload.wikimedia.org/wikipedia/commons/9/9d/St._Mary%27s_Monastery%2C_Kakome_%28b%29_09.jpg', 'descriptionurl': 'https://commons.wikimedia.org/wiki/File:St._Mary%27s_Monastery,_Kakome_(b)_09.jpg', 'descriptionshorturl': 'https://commons.wikimedia.org/w/index.php?curid=123400675'}]",,,,,39.91140848168171,19.87143899561571,10000
123400676,6,"File:St. Mary's Monastery, Kakome (b) 10.jpg",35,"[{'lat': 39.931181, 'lon': 19.950037, 'primary': True}]",local,"[{'thumburl': 'https://upload.wikimedia.org/wikipedia/commons/thumb/d/d8/St._Mary%27s_Monastery%2C_Kakome_%28b%29_10.jpg/320px-St._Mary%27s_Monastery%2C_Kakome_%28b%29_10.jpg', 'thumbwidth': 320, 'thumbheight': 569, 'responsiveUrls': {'1.5': 'https://upload.wikimedia.org/wikipedia/commons/thumb/d/d8/St._Mary%27s_Monastery%2C_Kakome_%28b%29_10.jpg/480px-St._Mary%27s_Monastery%2C_Kakome_%28b%29_10.jpg', '2': 'https://upload.wikimedia.org/wikipedia/commons/thumb/d/d8/St._Mary%27s_Monastery%2C_Kakome_%28b%29_10.jpg/640px-St._Mary%27s_Monastery%2C_Kakome_%28b%29_10.jpg'}, 'url': 'https://upload.wikimedia.org/wikipedia/commons/d/d8/St._Mary%27s_Monastery%2C_Kakome_%28b%29_10.jpg', 'descriptionurl': 'https://commons.wikimedia.org/wiki/File:St._Mary%27s_Monastery,_Kakome_(b)_10.jpg', 'descriptionshorturl': 'https://commons.wikimedia.org/w/index.php?curid=123400676'}]",,,,,39.91140848168171,19.87143899561571,10000
123400681,6,"File:St. Mary's Monastery, Kakome (b) 12.jpg",36,"[{'lat': 39.931238, 'lon': 19.949939, 'primary': True}]",local,"[{'thumburl': 'https://upload.wikimedia.org/wikipedia/commons/thumb/d/d3/St._Mary%27s_Monastery%2C_Kakome_%28b%29_12.jpg/320px-St._Mary%27s_Monastery%2C_Kakome_%28b%29_12.jpg', 'thumbwidth': 320, 'thumbheight': 180, 'responsiveUrls': {'1.5': 'https://upload.wikimedia.org/wikipedia/commons/thumb/d/d3/St._Mary%27s_Monastery%2C_Kakome_%28b%29_12.jpg/480px-St._Mary%27s_Monastery%2C_Kakome_%28b%29_12.jpg', '2': 'https://upload.wikimedia.org/wikipedia/commons/thumb/d/d3/St._Mary%27s_Monastery%2C_Kakome_%28b%29_12.jpg/640px-St._Mary%27s_Monastery%2C_Kakome_%28b%29_12.jpg'}, 'url': 'https://upload.wikimedia.org/wikipedia/commons/d/d3/St._Mary%27s_Monastery%2C_Kakome_%28b%29_12.jpg', 'descriptionurl': 'https://commons.wikimedia.org/wiki/File:St._Mary%27s_Monastery,_Kakome_(b)_12.jpg', 'descriptionshorturl': 'https://commons.wikimedia.org/w/index.php?curid=123400681'}]",,,,,39.91140848168171,19.87143899561571,10000
123400682,6,"File:St. Mary's Monastery, Kakome (b) 11.jpg",37,"[{'lat': 39.931252, 'lon': 19.950031, 'primary': True}]",local,"[{'thumburl': 'https://upload.wikimedia.org/wikipedia/commons/thumb/f/f1/St._Mary%27s_Monastery%2C_Kakome_%28b%29_11.jpg/320px-St._Mary%27s_Monastery%2C_Kakome_%28b%29_11.jpg', 'thumbwidth': 320, 'thumbheight': 180, 'responsiveUrls': {'1.5': 'https://upload.wikimedia.org/wikipedia/commons/thumb/f/f1/St._Mary%27s_Monastery%2C_Kakome_%28b%29_11.jpg/480px-St._Mary%27s_Monastery%2C_Kakome_%28b%29_11.jpg', '2': 'https://upload.wikimedia.org/wikipedia/commons/thumb/f/f1/St._Mary%27s_Monastery%2C_Kakome_%28b%29_11.jpg/640px-St._Mary%27s_Monastery%2C_Kakome_%28b%29_11.jpg'}, 'url': 'https://upload.wikimedia.org/wikipedia/commons/f/f1/St._Mary%27s_Monastery%2C_Kakome_%28b%29_11.jpg', 'descriptionurl': 'https://commons.wikimedia.org/wiki/File:St._Mary%27s_Monastery,_Kakome_(b)_11.jpg', 'descriptionshorturl': 'https://commons.wikimedia.org/w/index.php?curid=123400682'}]",,,,,39.91140848168171,19.87143899561571,10000
123400687,6,"File:St. Mary's Monastery, Kakome (b) 13.jpg",38,"[{'lat': 39.931298, 'lon': 19.950075, 'primary': True}]",local,"[{'thumburl': 'https://upload.wikimedia.org/wikipedia/commons/thumb/1/16/St._Mary%27s_Monastery%2C_Kakome_%28b%29_13.jpg/320px-St._Mary%27s_Monastery%2C_Kakome_%28b%29_13.jpg', 'thumbwidth': 320, 'thumbheight': 180, 'responsiveUrls': {'1.5': 'https://upload.wikimedia.org/wikipedia/commons/thumb/1/16/St._Mary%27s_Monastery%2C_Kakome_%28b%29_13.jpg/480px-St._Mary%27s_Monastery%2C_Kakome_%28b%29_13.jpg', '2': 'https://upload.wikimedia.org/wikipedia/commons/thumb/1/16/St._Mary%27s_Monastery%2C_Kakome_%28b%29_13.jpg/640px-St._Mary%27s_Monastery%2C_Kakome_%28b%29_13.jpg'}, 'url': 'https://upload.wikimedia.org/wikipedia/commons/1/16/St._Mary%27s_Monastery%2C_Kakome_%28b%29_13.jpg', 'descriptionurl': 'https://commons.wikimedia.org/wiki/File:St._Mary%27s_Monastery,_Kakome_(b)_13.jpg', 'descriptionshorturl': 'https://commons.wikimedia.org/w/index.php?curid=123400687'}]",,,,,39.91140848168171,19.87143899561571,10000
123400688,6,"File:St. Mary's Monastery, Kakome (b) 15.jpg",39,"[{'lat': 39.931256, 'lon': 19.949921, 'primary': True}]",local,"[{'thumburl': 'https://upload.wikimedia.org/wikipedia/commons/thumb/4/45/St._Mary%27s_Monastery%2C_Kakome_%28b%29_15.jpg/320px-St._Mary%27s_Monastery%2C_Kakome_%28b%29_15.jpg', 'thumbwidth': 320, 'thumbheight': 180, 'responsiveUrls': {'1.5': 'https://upload.wikimedia.org/wikipedia/commons/thumb/4/45/St._Mary%27s_Monastery%2C_Kakome_%28b%29_15.jpg/480px-St._Mary%27s_Monastery%2C_Kakome_%28b%29_15.jpg', '2': 'https://upload.wikimedia.org/wikipedia/commons/thumb/4/45/St._Mary%27s_Monastery%2C_Kakome_%28b%29_15.jpg/640px-St._Mary%27s_Monastery%2C_Kakome_%28b%29_15.jpg'}, 'url': 'https://upload.wikimedia.org/wikipedia/commons/4/45/St._Mary%27s_Monastery%2C_Kakome_%28b%29_15.jpg', 'descriptionurl': 'https://commons.wikimedia.org/wiki/File:St._Mary%27s_Monastery,_Kakome_(b)_15.jpg', 'descriptionshorturl': 'https://commons.wikimedia.org/w/index.php?curid=123400688'}]",,,,,39.91140848168171,19.87143899561571,10000
123400689,6,"File:St. Mary's Monastery, Kakome (b) 14.jpg",40,"[{'lat': 39.931298, 'lon': 19.95001, 'primary': True}]",local,"[{'thumburl': 'https://upload.wikimedia.org/wikipedia/commons/thumb/f/f3/St._Mary%27s_Monastery%2C_Kakome_%28b%29_14.jpg/320px-St._Mary%27s_Monastery%2C_Kakome_%28b%29_14.jpg', 'thumbwidth': 320, 'thumbheight': 180, 'responsiveUrls': {'1.5': 'https://upload.wikimedia.org/wikipedia/commons/thumb/f/f3/St._Mary%27s_Monastery%2C_Kakome_%28b%29_14.jpg/480px-St._Mary%27s_Monastery%2C_Kakome_%28b%29_14.jpg', '2': 'https://upload.wikimedia.org/wikipedia/commons/thumb/f/f3/St._Mary%27s_Monastery%2C_Kakome_%28b%29_14.jpg/640px-St._Mary%27s_Monastery%2C_Kakome_%28b%29_14.jpg'}, 'url': 'https://upload.wikimedia.org/wikipedia/commons/f/f3/St._Mary%27s_Monastery%2C_Kakome_%28b%29_14.jpg', 'descriptionurl': 'https://commons.wikimedia.org/wiki/File:St._Mary%27s_Monastery,_Kakome_(b)_14.jpg', 'descriptionshorturl': 'https://commons.wikimedia.org/w/index.php?curid=123400689'}]",,,,,39.91140848168171,19.87143899561571,10000
123400691,6,"File:St. Mary's Monastery, Kakome (b) 16.jpg",41,"[{'lat': 39.931258, 'lon': 19.94979, 'primary': True}]",local,"[{'thumburl': 'https://upload.wikimedia.org/wikipedia/commons/thumb/8/8e/St._Mary%27s_Monastery%2C_Kakome_%28b%29_16.jpg/320px-St._Mary%27s_Monastery%2C_Kakome_%28b%29_16.jpg', 'thumbwidth': 320, 'thumbheight': 569, 'responsiveUrls': {'1.5': 'https://upload.wikimedia.org/wikipedia/commons/thumb/8/8e/St._Mary%27s_Monastery%2C_Kakome_%28b%29_16.jpg/480px-St._Mary%27s_Monastery%2C_Kakome_%28b%29_16.jpg', '2': 'https://upload.wikimedia.org/wikipedia/commons/thumb/8/8e/St._Mary%27s_Monastery%2C_Kakome_%28b%29_16.jpg/640px-St._Mary%27s_Monastery%2C_Kakome_%28b%29_16.jpg'}, 'url': 'https://upload.wikimedia.org/wikipedia/commons/8/8e/St._Mary%27s_Monastery%2C_Kakome_%28b%29_16.jpg', 'descriptionurl': 'https://commons.wikimedia.org/wiki/File:St._Mary%27s_Monastery,_Kakome_(b)_16.jpg', 'descriptionshorturl': 'https://commons.wikimedia.org/w/index.php?curid=123400691'}]",,,,,39.91140848168171,19.87143899561571,10000
123400692,6,"File:St. Mary's Monastery, Kakome (b) 18.jpg",42,"[{'lat': 39.931207, 'lon': 19.949908, 'primary': True}]",local,"[{'thumburl': 'https://upload.wikimedia.org/wikipedia/commons/thumb/7/7a/St._Mary%27s_Monastery%2C_Kakome_%28b%29_18.jpg/320px-St._Mary%27s_Monastery%2C_Kakome_%28b%29_18.jpg', 'thumbwidth': 320, 'thumbheight': 180, 'responsiveUrls': {'1.5': 'https://upload.wikimedia.org/wikipedia/commons/thumb/7/7a/St._Mary%27s_Monastery%2C_Kakome_%28b%29_18.jpg/480px-St._Mary%27s_Monastery%2C_Kakome_%28b%29_18.jpg', '2': 'https://upload.wikimedia.org/wikipedia/commons/thumb/7/7a/St._Mary%27s_Monastery%2C_Kakome_%28b%29_18.jpg/640px-St._Mary%27s_Monastery%2C_Kakome_%28b%29_18.jpg'}, 'url': 'https://upload.wikimedia.org/wikipedia/commons/7/7a/St._Mary%27s_Monastery%2C_Kakome_%28b%29_18.jpg', 'descriptionurl': 'https://commons.wikimedia.org/wiki/File:St._Mary%27s_Monastery,_Kakome_(b)_18.jpg', 'descriptionshorturl': 'https://commons.wikimedia.org/w/index.php?curid=123400692'}]",,,,,39.91140848168171,19.87143899561571,10000
123400693,6,"File:St. Mary's Monastery, Kakome (b) 17.jpg",43,"[{'lat': 39.931306, 'lon': 19.94978, 'primary': True}]",local,"[{'thumburl': 'https://upload.wikimedia.org/wikipedia/commons/thumb/1/15/St._Mary%27s_Monastery%2C_Kakome_%28b%29_17.jpg/320px-St._Mary%27s_Monastery%2C_Kakome_%28b%29_17.jpg', 'thumbwidth': 320, 'thumbheight': 569, 'responsiveUrls': {'1.5': 'https://upload.wikimedia.org/wikipedia/commons/thumb/1/15/St._Mary%27s_Monastery%2C_Kakome_%28b%29_17.jpg/480px-St._Mary%27s_Monastery%2C_Kakome_%28b%29_17.jpg', '2': 'https://upload.wikimedia.org/wikipedia/commons/thumb/1/15/St._Mary%27s_Monastery%2C_Kakome_%28b%29_17.jpg/640px-St._Mary%27s_Monastery%2C_Kakome_%28b%29_17.jpg'}, 'url': 'https://upload.wikimedia.org/wikipedia/commons/1/15/St._Mary%27s_Monastery%2C_Kakome_%28b%29_17.jpg', 'descriptionurl': 'https://commons.wikimedia.org/wiki/File:St._Mary%27s_Monastery,_Kakome_(b)_17.jpg', 'descriptionshorturl': 'https://commons.wikimedia.org/w/index.php?curid=123400693'}]",,,,,39.91140848168171,19.87143899561571,10000
123400694,6,"File:St. Mary's Monastery, Kakome (b) 19.jpg",44,"[{'lat': 39.931296, 'lon': 19.949914, 'primary': True}]",local,"[{'thumburl': 'https://upload.wikimedia.org/wikipedia/commons/thumb/6/6b/St._Mary%27s_Monastery%2C_Kakome_%28b%29_19.jpg/320px-St._Mary%27s_Monastery%2C_Kakome_%28b%29_19.jpg', 'thumbwidth': 320, 'thumbheight': 569, 'responsiveUrls': {'1.5': 'https://upload.wikimedia.org/wikipedia/commons/thumb/6/6b/St._Mary%27s_Monastery%2C_Kakome_%28b%29_19.jpg/480px-St._Mary%27s_Monastery%2C_Kakome_%28b%29_19.jpg', '2': 'https://upload.wikimedia.org/wikipedia/commons/thumb/6/6b/St._Mary%27s_Monastery%2C_Kakome_%28b%29_19.jpg/640px-St._Mary%27s_Monastery%2C_Kakome_%28b%29_19.jpg'}, 'url': 'https://upload.wikimedia.org/wikipedia/commons/6/6b/St._Mary%27s_Monastery%2C_Kakome_%28b%29_19.jpg', 'descriptionurl': 'https://commons.wikimedia.org/wiki/File:St._Mary%27s_Monastery,_Kakome_(b)_19.jpg', 'descriptionshorturl': 'https://commons.wikimedia.org/w/index.php?curid=123400694'}]",,,,,39.91140848168171,19.87143899561571,10000
123400697,6,"File:St. Mary's Monastery, Kakome (b) 21.jpg",45,"[{'lat': 39.931213, 'lon': 19.949781, 'primary': True}]",local,"[{'thumburl': 'https://upload.wikimedia.org/wikipedia/commons/thumb/a/ad/St._Mary%27s_Monastery%2C_Kakome_%28b%29_21.jpg/320px-St._Mary%27s_Monastery%2C_Kakome_%28b%29_21.jpg', 'thumbwidth': 320, 'thumbheight': 569, 'responsiveUrls': {'1.5': 'https://upload.wikimedia.org/wikipedia/commons/thumb/a/ad/St._Mary%27s_Monastery%2C_Kakome_%28b%29_21.jpg/480px-St._Mary%27s_Monastery%2C_Kakome_%28b%29_21.jpg', '2': 'https://upload.wikimedia.org/wikipedia/commons/thumb/a/ad/St._Mary%27s_Monastery%2C_Kakome_%28b%29_21.jpg/640px-St._Mary%27s_Monastery%2C_Kakome_%28b%29_21.jpg'}, 'url': 'https://upload.wikimedia.org/wikipedia/commons/a/ad/St._Mary%27s_Monastery%2C_Kakome_%28b%29_21.jpg', 'descriptionurl': 'https://commons.wikimedia.org/wiki/File:St._Mary%27s_Monastery,_Kakome_(b)_21.jpg', 'descriptionshorturl': 'https://commons.wikimedia.org/w/index.php?curid=123400697'}]",,,,,39.91140848168171,19.87143899561571,10000
123400698,6,"File:St. Mary's Monastery, Kakome (b) 20.jpg",46,"[{'lat': 39.931296, 'lon': 19.949914, 'primary': True}]",local,"[{'thumburl': 'https://upload.wikimedia.org/wikipedia/commons/thumb/6/60/St._Mary%27s_Monastery%2C_Kakome_%28b%29_20.jpg/320px-St._Mary%27s_Monastery%2C_Kakome_%28b%29_20.jpg', 'thumbwidth': 320, 'thumbheight': 569, 'responsiveUrls': {'1.5': 'https://upload.wikimedia.org/wikipedia/commons/thumb/6/60/St._Mary%27s_Monastery%2C_Kakome_%28b%29_20.jpg/480px-St._Mary%27s_Monastery%2C_Kakome_%28b%29_20.jpg', '2': 'https://upload.wikimedia.org/wikipedia/commons/thumb/6/60/St._Mary%27s_Monastery%2C_Kakome_%28b%29_20.jpg/640px-St._Mary%27s_Monastery%2C_Kakome_%28b%29_20.jpg'}, 'url': 'https://upload.wikimedia.org/wikipedia/commons/6/60/St._Mary%27s_Monastery%2C_Kakome_%28b%29_20.jpg', 'descriptionurl': 'https://commons.wikimedia.org/wiki/File:St._Mary%27s_Monastery,_Kakome_(b)_20.jpg', 'descriptionshorturl': 'https://commons.wikimedia.org/w/index.php?curid=123400698'}]",,,,,39.91140848168171,19.87143899561571,10000
123400704,6,"File:St. Mary's Monastery, Kakome (b) 22.jpg",47,"[{'lat': 39.931409, 'lon': 19.94966, 'primary': True}]",local,"[{'thumburl': 'https://upload.wikimedia.org/wikipedia/commons/thumb/d/d1/St._Mary%27s_Monastery%2C_Kakome_%28b%29_22.jpg/320px-St._Mary%27s_Monastery%2C_Kakome_%28b%29_22.jpg', 'thumbwidth': 320, 'thumbheight': 180, 'responsiveUrls': {'1.5': 'https://upload.wikimedia.org/wikipedia/commons/thumb/d/d1/St._Mary%27s_Monastery%2C_Kakome_%28b%29_22.jpg/480px-St._Mary%27s_Monastery%2C_Kakome_%28b%29_22.jpg', '2': 'https://upload.wikimedia.org/wikipedia/commons/thumb/d/d1/St._Mary%27s_Monastery%2C_Kakome_%28b%29_22.jpg/640px-St._Mary%27s_Monastery%2C_Kakome_%28b%29_22.jpg'}, 'url': 'https://upload.wikimedia.org/wikipedia/commons/d/d1/St._Mary%27s_Monastery%2C_Kakome_%28b%29_22.jpg', 'descriptionurl': 'https://commons.wikimedia.org/wiki/File:St._Mary%27s_Monastery,_Kakome_(b)_22.jpg', 'descriptionshorturl': 'https://commons.wikimedia.org/w/index.php?curid=123400704'}]",,,,,39.91140848168171,19.87143899561571,10000
123400706,6,"File:St. Mary's Monastery, Kakome (b) 23.jpg",48,"[{'lat': 39.931252, 'lon': 19.94975, 'primary': True}]",local,"[{'thumburl': 'https://upload.wikimedia.org/wikipedia/commons/thumb/b/bb/St._Mary%27s_Monastery%2C_Kakome_%28b%29_23.jpg/320px-St._Mary%27s_Monastery%2C_Kakome_%28b%29_23.jpg', 'thumbwidth': 320, 'thumbheight': 180, 'responsiveUrls': {'1.5': 'https://upload.wikimedia.org/wikipedia/commons/thumb/b/bb/St._Mary%27s_Monastery%2C_Kakome_%28b%29_23.jpg/480px-St._Mary%27s_Monastery%2C_Kakome_%28b%29_23.jpg', '2': 'https://upload.wikimedia.org/wikipedia/commons/thumb/b/bb/St._Mary%27s_Monastery%2C_Kakome_%28b%29_23.jpg/640px-St._Mary%27s_Monastery%2C_Kakome_%28b%29_23.jpg'}, 'url': 'https://upload.wikimedia.org/wikipedia/commons/b/bb/St._Mary%27s_Monastery%2C_Kakome_%28b%29_23.jpg', 'descriptionurl': 'https://commons.wikimedia.org/wiki/File:St._Mary%27s_Monastery,_Kakome_(b)_23.jpg', 'descriptionshorturl': 'https://commons.wikimedia.org/w/index.php?curid=123400706'}]",,,,,39.91140848168171,19.87143899561571,10000
123400707,6,"File:St. Mary's Monastery, Kakome (b) 24.jpg",49,"[{'lat': 39.931021, 'lon': 19.94978, 'primary': True}]",local,"[{'thumburl': 'https://upload.wikimedia.org/wikipedia/commons/thumb/3/3b/St._Mary%27s_Monastery%2C_Kakome_%28b%29_24.jpg/320px-St._Mary%27s_Monastery%2C_Kakome_%28b%29_24.jpg', 'thumbwidth': 320, 'thumbheight': 180, 'responsiveUrls': {'1.5': 'https://upload.wikimedia.org/wikipedia/commons/thumb/3/3b/St._Mary%27s_Monastery%2C_Kakome_%28b%29_24.jpg/480px-St._Mary%27s_Monastery%2C_Kakome_%28b%29_24.jpg', '2': 'https://upload.wikimedia.org/wikipedia/commons/thumb/3/3b/St._Mary%27s_Monastery%2C_Kakome_%28b%29_24.jpg/640px-St._Mary%27s_Monastery%2C_Kakome_%28b%29_24.jpg'}, 'url': 'https://upload.wikimedia.org/wikipedia/commons/3/3b/St._Mary%27s_Monastery%2C_Kakome_%28b%29_24.jpg', 'descriptionurl': 'https://commons.wikimedia.org/wiki/File:St._Mary%27s_Monastery,_Kakome_(b)_24.jpg', 'descriptionshorturl': 'https://commons.wikimedia.org/w/index.php?curid=123400707'}]",,,,,39.91140848168171,19.87143899561571,10000
123400709,6,"File:St. Mary's Monastery, Kakome (b) 25.jpg",50,"[{'lat': 39.93085, 'lon': 19.950388, 'primary': True}]",local,"[{'thumburl': 'https://upload.wikimedia.org/wikipedia/commons/thumb/7/74/St._Mary%27s_Monastery%2C_Kakome_%28b%29_25.jpg/320px-St._Mary%27s_Monastery%2C_Kakome_%28b%29_25.jpg', 'thumbwidth': 320, 'thumbheight': 569, 'responsiveUrls': {'1.5': 'https://upload.wikimedia.org/wikipedia/commons/thumb/7/74/St._Mary%27s_Monastery%2C_Kakome_%28b%29_25.jpg/480px-St._Mary%27s_Monastery%2C_Kakome_%28b%29_25.jpg', '2': 'https://upload.wikimedia.org/wikipedia/commons/thumb/7/74/St._Mary%27s_Monastery%2C_Kakome_%28b%29_25.jpg/640px-St._Mary%27s_Monastery%2C_Kakome_%28b%29_25.jpg'}, 'url': 'https://upload.wikimedia.org/wikipedia/commons/7/74/St._Mary%27s_Monastery%2C_Kakome_%28b%29_25.jpg', 'descriptionurl': 'https://commons.wikimedia.org/wiki/File:St._Mary%27s_Monastery,_Kakome_(b)_25.jpg', 'descriptionshorturl': 'https://commons.wikimedia.org/w/index.php?curid=123400709'}]",,,,,39.91140848168171,19.87143899561571,10000
123400710,6,"File:St. Mary's Monastery, Kakome (b) 26.jpg",51,"[{'lat': 39.930786, 'lon': 19.950396, 'primary': True}]",local,"[{'thumburl': 'https://upload.wikimedia.org/wikipedia/commons/thumb/3/3b/St._Mary%27s_Monastery%2C_Kakome_%28b%29_26.jpg/320px-St._Mary%27s_Monastery%2C_Kakome_%28b%29_26.jpg', 'thumbwidth': 320, 'thumbheight': 180, 'responsiveUrls': {'1.5': 'https://upload.wikimedia.org/wikipedia/commons/thumb/3/3b/St._Mary%27s_Monastery%2C_Kakome_%28b%29_26.jpg/480px-St._Mary%27s_Monastery%2C_Kakome_%28b%29_26.jpg', '2': 'https://upload.wikimedia.org/wikipedia/commons/thumb/3/3b/St._Mary%27s_Monastery%2C_Kakome_%28b%29_26.jpg/640px-St._Mary%27s_Monastery%2C_Kakome_%28b%29_26.jpg'}, 'url': 'https://upload.wikimedia.org/wikipedia/commons/3/3b/St._Mary%27s_Monastery%2C_Kakome_%28b%29_26.jpg', 'descriptionurl': 'https://commons.wikimedia.org/wiki/File:St._Mary%27s_Monastery,_Kakome_(b)_26.jpg', 'descriptionshorturl': 'https://commons.wikimedia.org/w/index.php?curid=123400710'}]",,,,,39.91140848168171,19.87143899561571,10000
123745149,6,File:ISS067-E-77504 - View of Earth.jpg,52,"[{'lat': 39.9, 'lon': 19.8, 'primary': True}]",local,"[{'thumburl': 'https://upload.wikimedia.org/wikipedia/commons/thumb/7/73/ISS067-E-77504_-_View_of_Earth.jpg/320px-ISS067-E-77504_-_View_of_Earth.jpg', 'thumbwidth': 320, 'thumbheight': 213, 'responsiveUrls': {'1.5': 'https://upload.wikimedia.org/wikipedia/commons/thumb/7/73/ISS067-E-77504_-_View_of_Earth.jpg/480px-ISS067-E-77504_-_View_of_Earth.jpg', '2': 'https://upload.wikimedia.org/wikipedia/commons/thumb/7/73/ISS067-E-77504_-_View_of_Earth.jpg/639px-ISS067-E-77504_-_View_of_Earth.jpg'}, 'url': 'https://upload.wikimedia.org/wikipedia/commons/7/73/ISS067-E-77504_-_View_of_Earth.jpg', 'descriptionurl': 'https://commons.wikimedia.org/wiki/File:ISS067-E-77504_-_View_of_Earth.jpg', 'descriptionshorturl': 'https://commons.wikimedia.org/w/index.php?curid=123745149'}]",,,,,39.91140848168171,19.87143899561571,10000
123745152,6,File:ISS067-E-77505 - View of Earth.jpg,53,"[{'lat': 39.9, 'lon': 19.9, 'primary': True}]",local,"[{'thumburl': 'https://upload.wikimedia.org/wikipedia/commons/thumb/1/10/ISS067-E-77505_-_View_of_Earth.jpg/320px-ISS067-E-77505_-_View_of_Earth.jpg', 'thumbwidth': 320, 'thumbheight': 213, 'responsiveUrls': {'1.5': 'https://upload.wikimedia.org/wikipedia/commons/thumb/1/10/ISS067-E-77505_-_View_of_Earth.jpg/480px-ISS067-E-77505_-_View_of_Earth.jpg', '2': 'https://upload.wikimedia.org/wikipedia/commons/thumb/1/10/ISS067-E-77505_-_View_of_Earth.jpg/639px-ISS067-E-77505_-_View_of_Earth.jpg'}, 'url': 'https://upload.wikimedia.org/wikipedia/commons/1/10/ISS067-E-77505_-_View_of_Earth.jpg', 'descriptionurl': 'https://commons.wikimedia.org/wiki/File:ISS067-E-77505_-_View_of_Earth.jpg', 'descriptionshorturl': 'https://commons.wikimedia.org/w/index.php?curid=123745152'}]",,,,,39.91140848168171,19.87143899561571,10000
123745157,6,File:ISS067-E-77506 - View of Earth.jpg,54,"[{'lat': 39.9, 'lon': 19.9, 'primary': True}]",local,"[{'thumburl': 'https://upload.wikimedia.org/wikipedia/commons/thumb/9/96/ISS067-E-77506_-_View_of_Earth.jpg/320px-ISS067-E-77506_-_View_of_Earth.jpg', 'thumbwidth': 320, 'thumbheight': 213, 'responsiveUrls': {'1.5': 'https://upload.wikimedia.org/wikipedia/commons/thumb/9/96/ISS067-E-77506_-_View_of_Earth.jpg/480px-ISS067-E-77506_-_View_of_Earth.jpg', '2': 'https://upload.wikimedia.org/wikipedia/commons/thumb/9/96/ISS067-E-77506_-_View_of_Earth.jpg/639px-ISS067-E-77506_-_View_of_Earth.jpg'}, 'url': 'https://upload.wikimedia.org/wikipedia/commons/9/96/ISS067-E-77506_-_View_of_Earth.jpg', 'descriptionurl': 'https://commons.wikimedia.org/wiki/File:ISS067-E-77506_-_View_of_Earth.jpg', 'descriptionshorturl': 'https://commons.wikimedia.org/w/index.php?curid=123745157'}]",,,,,39.91140848168171,19.87143899561571,10000
